relative_path,size_bytes,sha256
.gitignore,99,b6519f32be0375958e1209104e0d00fc548e23a4ef2e31909c96fec51ff0b5fe
config/final_protocol.json,652,8f78ae20c40fb6c3e39499f90173ae85043bb712cd195635d75be044859af442
config/public_selection_bank.json.gz,658831,6ce598684b1984b3f2902c9fbcb2467ed9314370cce6e637632785a217e1f31e
config/random_30seed_selected_indices.npz,203294,0e6c91cd89f3a23f74d3678a8aa522afe4c1947f1eb993639a4b92fa9bdbc133
config/random_30seed_selected_indices_manifest.csv,6270601,b384a24c4eceb17cf94c16c9e1828a9dd923143fb5be6281de9deb0a93d6e448
config/scenario1_test_recordings.csv,24751,7d138aa85b8f74faca715c9a9f94f4d8c4f77b1804b5ebd912b2d9f449837346
config/scenario1_train_recordings.csv,41023,d92d14cb874ce20f4ab64ff53f208341a36df50b7815b6f25abd377a1b218a4c
config/scenario2_test_recordings.csv,14363,af3d4025cb28a6fcbe565380954883f0b0ab90fb8545bfa307f84279d1c13eeb
config/scenario2_train_recordings.csv,48715,324eafcdb8e4bad1731bca36ed7a749599fe50ccaedcb1b447dc90d3050a2f27
config/scenario3_test_recordings.csv,32475,0571aa357396558f507da04172a2ec469b4da26f0c636454cd2f5d1329941e18
config/scenario3_train_recordings.csv,29435,410a271f264b03b68edf4c1200406e79af157a5a0b13f0f250e15efbf9f71902
config/selection_bank_provenance.json,931,46a030f87fae56faed2bfc3b781d2deb963eee28b288b401943e1d262323fa34
data/README.md,613,1bca4a55a9267777d2c89342ac7e44b01dddf0bae73b79214c8fc90376789c92
ENVIRONMENT.md,770,8a4c29e0498c235637be8720199b3fa93c74cd91db9883034c14484652a6345f
feature_extraction/extract_features_FARW_40_corrected_V8.m,51434,b0cafe71faf571dfae5487641cf04b03f38d03599bc660f02f0d73877de7bb00
figures/__init__.py,36,a9aa7588a11facadfa7e509b857abc2d7922eabc381d4de6d785a37a048e8e15
figures/Figure_2.pdf,590113,d3a589cc9fde0bfafc8c62933da329391b177ce8c796326c24a7b77232ca9f42
figures/Figure_4.pdf,117474,460b1917dea03c4cea2a534fedb6f94cf551894ee780f1f1b78ffa33d2747c9d
figures/Figure_5.pdf,13274,18df73a4f9540fbb56f9dd2b49cfa552b80b8b157d539f40780fdbafd32d0e20
figures/Figure_6_structural_tradeoff_final.pdf,39452,91ccb5f917124df657d378cc2cfbda5e764c59481b6de374d5c473ef45a06ef4
figures/Figure_6_structural_tradeoff_final.png,492873,7a980503e96cd4f1241dedf37d0f68b52586629fc982a6c45fffcd4f61337cdb
figures/Figure_7_scenario_mcc.pdf,27955,07b28c75e0d560d29cc27759640f76c723fd55ef163b7e91df96cf67d5a9035d
figures/Figure_7_scenario_mcc.png,478610,4d55430ee99d9468f47bf05d401e811343c57bd78057ebb9672c68dabf692cf8
figures/generate_scenario_mcc.py,16354,b9847a1ffb8f1038f26f3e6c3887ae53efa5ee8a1bdcf2402ab1d626c2666e88
figures/generate_structural_tradeoff.py,10601,4edba6bd0b7797ccb1fe1f322e3977da98b278fe58afdcf269e8d1f2e4efcf71
LICENSE_NOTE.md,353,e5bfc00eaf6bcbcfee70a2639f882559cb74852dfeec2f2ec84ad1cf2337277b
MANUSCRIPT_CODE_MAP.md,2684,dafd7467c122866ecb49da01b8faaccff5ab6550be7f557f495b0ec21cea66fa
PUBLIC_RELEASE_AUDIT.md,2533,4f6f4bd2419f13bab2df45269fbe7a1e4d5ac6c92534a92c5ae8d0444f24ab16
README.md,3625,3df0775b6afc70779301b9a886cbe16a3916f32df74c4092eea1a5a997d20d13
reduction/__init__.py,63,aca72b45abfe99f0e4d86cce101432707f075eb74a8711e1e826cf7bf6b29a03
reduction/centroid/__init__.py,48,cf21d194329b994ae30950cdcc047b15a0b97c955c5156a925d1411519b61421
reduction/centroid/centroid_selection.py,3053,28e0a2de5b9740fee826119c274ea55ce4545bea05bc28bfd3c20244ebf5ba80
reduction/centroid/common.py,5651,3d42d48028056f790fb2c228a1bb9e24ca26c7d1121c50ad1b10552b107d3b78
reduction/farw/__init__.py,1106,559cdb8e6eb5a2acb78466c5755d049e6948c3d1a0d5d1ef07dfe7062c68d879
reduction/farw/core.py,24030,6ca0ea0428cfff0f0a6bdbf09cc4edc90e8efae0c21e6ef4e86e1c6efbc1c77f
reduction/farw/scaling.py,4143,1a73add094bfde3e271b9e2b57293e5638b72a92656e51dbb888b99d95b62a16
reduction/medoid/__init__.py,44,4495f6f06084a8c260d835b2d434d881b4de3d8a63139e673f42c1286bb5d71c
reduction/medoid/common.py,5651,3d42d48028056f790fb2c228a1bb9e24ca26c7d1121c50ad1b10552b107d3b78
reduction/medoid/medoid_selection.py,4816,f504bb86208266453d7bd7187b1f9f1364cf36bc820a7362d1e45a8a6ed94ae6
reduction/preprocessing/__init__.py,49,e71f18a1607107677a093f4cfafe50c6aa38ce31ad1fdd1e25ccd644fd832e58
reduction/preprocessing/per_recording_zscore.py,3339,f4a22da3447da5ad8b319cdec4f7cb5ed51885619b6405a5d365f206067f18ae
reduction/preprocessing/recording_loader.py,2576,2ac7e19fe5fa7b033e93804d9aceb8eaec10571928e74c2d0e353d59bdc4530b
reduction/random/__init__.py,43,6f75340c27c18d4f29dfc5c4de672bbbea1dee635a0ef4d5682789c437e4cd8d
reduction/random/selector.py,602,1c903758bbbf5ffd208be9bd1007d56e41747b63a94e61727f0c18b329f0b525
reduction/renyi/__init__.py,62,fb69d7a38173da8b7de7e1015be0f4cc252178d7bbe33261cf5ee2b496e16b84
reduction/renyi/core.py,11491,70aeaef402a2c7ea1c7fbbff0f0087a056e964acfe6f1ec354ad6aa9f2f7bc44
reduction/renyi/mat_loader.py,3541,abb1f03c8096d7b216d47d26a1acabb55f603bb859924f9abb839249ea7e7746
reference_results/40f_vs_3f_summary.csv,1023,85087e1922fa917bc7e832d0aa2cd516f5c279db9ab724b2549c888af754f4db
reference_results/ablation_summary.csv,1688,4d9ec0971ba574533046c06139c99f526806bcae0227cd2a243e19a6f91e135b
reference_results/classification_deterministic_summary.csv,12971,3f3b82923b279e74fd380ef6baed73ccd88bb68bbdf492854c8dfcfae71bbdf6
reference_results/classification_unified_3f_source.csv,30070,877245b3b2c14e2adc44f92f6b7eaf2e7baa0ab7c35aed6887d5becebf587cf1
reference_results/cross_classifier_mean_mcc.csv,349,84a897c89eb88bad19855c6093a9ac8046ba957c7bebf9980717e1c4aa806652
reference_results/random_30seed_scenario_mean.csv,2328,96938012b0f52cbab0cd2781f0621b385a97d810f4ad43e2a28cff6448e1bb7e
reference_results/random_30seed_seedwise_worst_diagnostic.csv,1717,3f9dc8c7c9c35c1cbfd3a8d6e1f8c0effb7975bbeabc12b8cfc68fe4e8face7e
reference_results/random_30seed_structural_means.csv,885,82a34ccc6e63368e06241e8e7466be017f470098d131a9a5334424d283a9eeda
reference_results/rfe_ranking_by_scenario.csv,9472,81f93ec0b98e8dddeacb36b26cf0b1f464a3c358fcbd5cc36f7db5cea36c6afe
reference_results/structural_deterministic_source.csv,6990,ca517675dbadeb5eded425730031817f89f60c46f1bbc066b20b46ef13cab0e0
requirements.txt,58,40474abca909cba6f10edd8c8793af0f4f19808afc7c0684337c22f9e4095e76
tools/verify_public_indices.py,5830,1d3437d32271fc53947d458f8c880df2ae8cc800d6e57037d213f4f23a3ab001
tools/write_public_manifest.py,976,052910064e9344e3b54ed8cc0b763d1113b628dd3c2be2014afae1cc939e1b44
