scenario,scenario_name,split,historical_rule,filename,recording_id,class_name,stored_label,label_source,filename_class_prefix,matlab_source_group,label_prefix_consistent,label_matlab_group_consistent,stored_filename_consistent,label_consistency,workpiece,workpiece_type,overhang,N,F,DOC,WOC,repetition,number_of_windows,condition_id,feature_schema_version,stored_source_filename
2,Scenario 2: Unseen Speed–Feed,Train,TEST iff filename contains N1800,S_WPA_L36_DOC0.5_WOC1.0_N2700_F270_R1.mat,S_WPA_L36_DOC0.5_WOC1.0_N2700_F270_R1,Stable,1,SigData.Label (audited against filename prefix and MATLAB list),S,normal_files,True,True,True,True,WPA,A,36,2700,270,0.5,1.0,1,350,WPA_L36_N2700_F270_DOC0.5_WOC1,conservative-v8-2026-09-03,S_WPA_L36_DOC0.5_WOC1.0_N2700_F270_R1
2,Scenario 2: Unseen Speed–Feed,Train,TEST iff filename contains N1800,S_WPA_L36_DOC0.5_WOC1.0_N2700_F270_R2.mat,S_WPA_L36_DOC0.5_WOC1.0_N2700_F270_R2,Stable,1,SigData.Label (audited against filename prefix and MATLAB list),S,normal_files,True,True,True,True,WPA,A,36,2700,270,0.5,1.0,2,350,WPA_L36_N2700_F270_DOC0.5_WOC1,conservative-v8-2026-09-03,S_WPA_L36_DOC0.5_WOC1.0_N2700_F270_R2
2,Scenario 2: Unseen Speed–Feed,Train,TEST iff filename contains N1800,S_WPA_L36_DOC0.5_WOC1.0_N2700_F270_R3.mat,S_WPA_L36_DOC0.5_WOC1.0_N2700_F270_R3,Stable,1,SigData.Label (audited against filename prefix and MATLAB list),S,normal_files,True,True,True,True,WPA,A,36,2700,270,0.5,1.0,3,350,WPA_L36_N2700_F270_DOC0.5_WOC1,conservative-v8-2026-09-03,S_WPA_L36_DOC0.5_WOC1.0_N2700_F270_R3
2,Scenario 2: Unseen Speed–Feed,Train,TEST iff filename contains N1800,S_WPA_L36_DOC0.5_WOC1.0_N2700_F270_R4.mat,S_WPA_L36_DOC0.5_WOC1.0_N2700_F270_R4,Stable,1,SigData.Label (audited against filename prefix and MATLAB list),S,normal_files,True,True,True,True,WPA,A,36,2700,270,0.5,1.0,4,350,WPA_L36_N2700_F270_DOC0.5_WOC1,conservative-v8-2026-09-03,S_WPA_L36_DOC0.5_WOC1.0_N2700_F270_R4
2,Scenario 2: Unseen Speed–Feed,Train,TEST iff filename contains N1800,S_WPA_L36_DOC0.5_WOC1.0_N3600_F360_R1.mat,S_WPA_L36_DOC0.5_WOC1.0_N3600_F360_R1,Stable,1,SigData.Label (audited against filename prefix and MATLAB list),S,normal_files,True,True,True,True,WPA,A,36,3600,360,0.5,1.0,1,350,WPA_L36_N3600_F360_DOC0.5_WOC1,conservative-v8-2026-09-03,S_WPA_L36_DOC0.5_WOC1.0_N3600_F360_R1
2,Scenario 2: Unseen Speed–Feed,Train,TEST iff filename contains N1800,S_WPA_L36_DOC0.5_WOC1.0_N3600_F360_R2.mat,S_WPA_L36_DOC0.5_WOC1.0_N3600_F360_R2,Stable,1,SigData.Label (audited against filename prefix and MATLAB list),S,normal_files,True,True,True,True,WPA,A,36,3600,360,0.5,1.0,2,350,WPA_L36_N3600_F360_DOC0.5_WOC1,conservative-v8-2026-09-03,S_WPA_L36_DOC0.5_WOC1.0_N3600_F360_R2
2,Scenario 2: Unseen Speed–Feed,Train,TEST iff filename contains N1800,S_WPA_L36_DOC0.5_WOC1.0_N3600_F360_R3.mat,S_WPA_L36_DOC0.5_WOC1.0_N3600_F360_R3,Stable,1,SigData.Label (audited against filename prefix and MATLAB list),S,normal_files,True,True,True,True,WPA,A,36,3600,360,0.5,1.0,3,350,WPA_L36_N3600_F360_DOC0.5_WOC1,conservative-v8-2026-09-03,S_WPA_L36_DOC0.5_WOC1.0_N3600_F360_R3
2,Scenario 2: Unseen Speed–Feed,Train,TEST iff filename contains N1800,S_WPA_L36_DOC0.5_WOC1.0_N3600_F360_R4.mat,S_WPA_L36_DOC0.5_WOC1.0_N3600_F360_R4,Stable,1,SigData.Label (audited against filename prefix and MATLAB list),S,normal_files,True,True,True,True,WPA,A,36,3600,360,0.5,1.0,4,350,WPA_L36_N3600_F360_DOC0.5_WOC1,conservative-v8-2026-09-03,S_WPA_L36_DOC0.5_WOC1.0_N3600_F360_R4
2,Scenario 2: Unseen Speed–Feed,Train,TEST iff filename contains N1800,S_WPA_L36_DOC0.5_WOC2.0_N2700_F270_R1.mat,S_WPA_L36_DOC0.5_WOC2.0_N2700_F270_R1,Stable,1,SigData.Label (audited against filename prefix and MATLAB list),S,normal_files,True,True,True,True,WPA,A,36,2700,270,0.5,2.0,1,350,WPA_L36_N2700_F270_DOC0.5_WOC2,conservative-v8-2026-09-03,S_WPA_L36_DOC0.5_WOC2.0_N2700_F270_R1
2,Scenario 2: Unseen Speed–Feed,Train,TEST iff filename contains N1800,S_WPA_L36_DOC0.5_WOC2.0_N2700_F270_R2.mat,S_WPA_L36_DOC0.5_WOC2.0_N2700_F270_R2,Stable,1,SigData.Label (audited against filename prefix and MATLAB list),S,normal_files,True,True,True,True,WPA,A,36,2700,270,0.5,2.0,2,350,WPA_L36_N2700_F270_DOC0.5_WOC2,conservative-v8-2026-09-03,S_WPA_L36_DOC0.5_WOC2.0_N2700_F270_R2
2,Scenario 2: Unseen Speed–Feed,Train,TEST iff filename contains N1800,S_WPA_L36_DOC0.5_WOC2.0_N2700_F270_R3.mat,S_WPA_L36_DOC0.5_WOC2.0_N2700_F270_R3,Stable,1,SigData.Label (audited against filename prefix and MATLAB list),S,normal_files,True,True,True,True,WPA,A,36,2700,270,0.5,2.0,3,350,WPA_L36_N2700_F270_DOC0.5_WOC2,conservative-v8-2026-09-03,S_WPA_L36_DOC0.5_WOC2.0_N2700_F270_R3
2,Scenario 2: Unseen Speed–Feed,Train,TEST iff filename contains N1800,S_WPA_L36_DOC0.5_WOC2.0_N2700_F270_R4.mat,S_WPA_L36_DOC0.5_WOC2.0_N2700_F270_R4,Stable,1,SigData.Label (audited against filename prefix and MATLAB list),S,normal_files,True,True,True,True,WPA,A,36,2700,270,0.5,2.0,4,350,WPA_L36_N2700_F270_DOC0.5_WOC2,conservative-v8-2026-09-03,S_WPA_L36_DOC0.5_WOC2.0_N2700_F270_R4
2,Scenario 2: Unseen Speed–Feed,Train,TEST iff filename contains N1800,S_WPA_L36_DOC1.0_WOC1.0_N2700_F270_R1.mat,S_WPA_L36_DOC1.0_WOC1.0_N2700_F270_R1,Stable,1,SigData.Label (audited against filename prefix and MATLAB list),S,normal_files,True,True,True,True,WPA,A,36,2700,270,1.0,1.0,1,350,WPA_L36_N2700_F270_DOC1_WOC1,conservative-v8-2026-09-03,S_WPA_L36_DOC1.0_WOC1.0_N2700_F270_R1
2,Scenario 2: Unseen Speed–Feed,Train,TEST iff filename contains N1800,S_WPA_L36_DOC1.0_WOC1.0_N2700_F270_R2.mat,S_WPA_L36_DOC1.0_WOC1.0_N2700_F270_R2,Stable,1,SigData.Label (audited against filename prefix and MATLAB list),S,normal_files,True,True,True,True,WPA,A,36,2700,270,1.0,1.0,2,350,WPA_L36_N2700_F270_DOC1_WOC1,conservative-v8-2026-09-03,S_WPA_L36_DOC1.0_WOC1.0_N2700_F270_R2
2,Scenario 2: Unseen Speed–Feed,Train,TEST iff filename contains N1800,S_WPA_L36_DOC1.0_WOC1.0_N2700_F270_R3.mat,S_WPA_L36_DOC1.0_WOC1.0_N2700_F270_R3,Stable,1,SigData.Label (audited against filename prefix and MATLAB list),S,normal_files,True,True,True,True,WPA,A,36,2700,270,1.0,1.0,3,350,WPA_L36_N2700_F270_DOC1_WOC1,conservative-v8-2026-09-03,S_WPA_L36_DOC1.0_WOC1.0_N2700_F270_R3
2,Scenario 2: Unseen Speed–Feed,Train,TEST iff filename contains N1800,S_WPA_L36_DOC1.0_WOC1.0_N2700_F270_R4.mat,S_WPA_L36_DOC1.0_WOC1.0_N2700_F270_R4,Stable,1,SigData.Label (audited against filename prefix and MATLAB list),S,normal_files,True,True,True,True,WPA,A,36,2700,270,1.0,1.0,4,350,WPA_L36_N2700_F270_DOC1_WOC1,conservative-v8-2026-09-03,S_WPA_L36_DOC1.0_WOC1.0_N2700_F270_R4
2,Scenario 2: Unseen Speed–Feed,Train,TEST iff filename contains N1800,S_WPA_L36_DOC1.0_WOC1.0_N3600_F360_R1.mat,S_WPA_L36_DOC1.0_WOC1.0_N3600_F360_R1,Stable,1,SigData.Label (audited against filename prefix and MATLAB list),S,normal_files,True,True,True,True,WPA,A,36,3600,360,1.0,1.0,1,350,WPA_L36_N3600_F360_DOC1_WOC1,conservative-v8-2026-09-03,S_WPA_L36_DOC1.0_WOC1.0_N3600_F360_R1
2,Scenario 2: Unseen Speed–Feed,Train,TEST iff filename contains N1800,S_WPA_L36_DOC1.0_WOC1.0_N3600_F360_R2.mat,S_WPA_L36_DOC1.0_WOC1.0_N3600_F360_R2,Stable,1,SigData.Label (audited against filename prefix and MATLAB list),S,normal_files,True,True,True,True,WPA,A,36,3600,360,1.0,1.0,2,337,WPA_L36_N3600_F360_DOC1_WOC1,conservative-v8-2026-09-03,S_WPA_L36_DOC1.0_WOC1.0_N3600_F360_R2
2,Scenario 2: Unseen Speed–Feed,Train,TEST iff filename contains N1800,S_WPA_L36_DOC1.0_WOC1.0_N3600_F360_R3.mat,S_WPA_L36_DOC1.0_WOC1.0_N3600_F360_R3,Stable,1,SigData.Label (audited against filename prefix and MATLAB list),S,normal_files,True,True,True,True,WPA,A,36,3600,360,1.0,1.0,3,343,WPA_L36_N3600_F360_DOC1_WOC1,conservative-v8-2026-09-03,S_WPA_L36_DOC1.0_WOC1.0_N3600_F360_R3
2,Scenario 2: Unseen Speed–Feed,Train,TEST iff filename contains N1800,S_WPA_L36_DOC1.0_WOC1.0_N3600_F360_R4.mat,S_WPA_L36_DOC1.0_WOC1.0_N3600_F360_R4,Stable,1,SigData.Label (audited against filename prefix and MATLAB list),S,normal_files,True,True,True,True,WPA,A,36,3600,360,1.0,1.0,4,350,WPA_L36_N3600_F360_DOC1_WOC1,conservative-v8-2026-09-03,S_WPA_L36_DOC1.0_WOC1.0_N3600_F360_R4
2,Scenario 2: Unseen Speed–Feed,Train,TEST iff filename contains N1800,S_WPA_L36_DOC1.0_WOC2.0_N2700_F270_R1.mat,S_WPA_L36_DOC1.0_WOC2.0_N2700_F270_R1,Stable,1,SigData.Label (audited against filename prefix and MATLAB list),S,normal_files,True,True,True,True,WPA,A,36,2700,270,1.0,2.0,1,350,WPA_L36_N2700_F270_DOC1_WOC2,conservative-v8-2026-09-03,S_WPA_L36_DOC1.0_WOC2.0_N2700_F270_R1
2,Scenario 2: Unseen Speed–Feed,Train,TEST iff filename contains N1800,S_WPA_L36_DOC1.0_WOC2.0_N2700_F270_R2.mat,S_WPA_L36_DOC1.0_WOC2.0_N2700_F270_R2,Stable,1,SigData.Label (audited against filename prefix and MATLAB list),S,normal_files,True,True,True,True,WPA,A,36,2700,270,1.0,2.0,2,350,WPA_L36_N2700_F270_DOC1_WOC2,conservative-v8-2026-09-03,S_WPA_L36_DOC1.0_WOC2.0_N2700_F270_R2
2,Scenario 2: Unseen Speed–Feed,Train,TEST iff filename contains N1800,S_WPA_L36_DOC1.0_WOC2.0_N2700_F270_R3.mat,S_WPA_L36_DOC1.0_WOC2.0_N2700_F270_R3,Stable,1,SigData.Label (audited against filename prefix and MATLAB list),S,normal_files,True,True,True,True,WPA,A,36,2700,270,1.0,2.0,3,350,WPA_L36_N2700_F270_DOC1_WOC2,conservative-v8-2026-09-03,S_WPA_L36_DOC1.0_WOC2.0_N2700_F270_R3
2,Scenario 2: Unseen Speed–Feed,Train,TEST iff filename contains N1800,S_WPA_L36_DOC1.0_WOC2.0_N2700_F270_R4.mat,S_WPA_L36_DOC1.0_WOC2.0_N2700_F270_R4,Stable,1,SigData.Label (audited against filename prefix and MATLAB list),S,normal_files,True,True,True,True,WPA,A,36,2700,270,1.0,2.0,4,350,WPA_L36_N2700_F270_DOC1_WOC2,conservative-v8-2026-09-03,S_WPA_L36_DOC1.0_WOC2.0_N2700_F270_R4
2,Scenario 2: Unseen Speed–Feed,Train,TEST iff filename contains N1800,S_WPA_L36_DOC1.5_WOC1.0_N3600_F360_R1.mat,S_WPA_L36_DOC1.5_WOC1.0_N3600_F360_R1,Stable,1,SigData.Label (audited against filename prefix and MATLAB list),S,normal_files,True,True,True,True,WPA,A,36,3600,360,1.5,1.0,1,350,WPA_L36_N3600_F360_DOC1.5_WOC1,conservative-v8-2026-09-03,S_WPA_L36_DOC1.5_WOC1.0_N3600_F360_R1
2,Scenario 2: Unseen Speed–Feed,Train,TEST iff filename contains N1800,S_WPA_L36_DOC1.5_WOC1.0_N3600_F360_R2.mat,S_WPA_L36_DOC1.5_WOC1.0_N3600_F360_R2,Stable,1,SigData.Label (audited against filename prefix and MATLAB list),S,normal_files,True,True,True,True,WPA,A,36,3600,360,1.5,1.0,2,350,WPA_L36_N3600_F360_DOC1.5_WOC1,conservative-v8-2026-09-03,S_WPA_L36_DOC1.5_WOC1.0_N3600_F360_R2
2,Scenario 2: Unseen Speed–Feed,Train,TEST iff filename contains N1800,S_WPA_L36_DOC1.5_WOC1.0_N3600_F360_R3.mat,S_WPA_L36_DOC1.5_WOC1.0_N3600_F360_R3,Stable,1,SigData.Label (audited against filename prefix and MATLAB list),S,normal_files,True,True,True,True,WPA,A,36,3600,360,1.5,1.0,3,350,WPA_L36_N3600_F360_DOC1.5_WOC1,conservative-v8-2026-09-03,S_WPA_L36_DOC1.5_WOC1.0_N3600_F360_R3
2,Scenario 2: Unseen Speed–Feed,Train,TEST iff filename contains N1800,S_WPA_L36_DOC1.5_WOC1.0_N3600_F360_R4.mat,S_WPA_L36_DOC1.5_WOC1.0_N3600_F360_R4,Stable,1,SigData.Label (audited against filename prefix and MATLAB list),S,normal_files,True,True,True,True,WPA,A,36,3600,360,1.5,1.0,4,350,WPA_L36_N3600_F360_DOC1.5_WOC1,conservative-v8-2026-09-03,S_WPA_L36_DOC1.5_WOC1.0_N3600_F360_R4
2,Scenario 2: Unseen Speed–Feed,Train,TEST iff filename contains N1800,S_WPA_L36_DOC1.5_WOC2.0_N2700_F270_R1.mat,S_WPA_L36_DOC1.5_WOC2.0_N2700_F270_R1,Stable,1,SigData.Label (audited against filename prefix and MATLAB list),S,normal_files,True,True,True,True,WPA,A,36,2700,270,1.5,2.0,1,350,WPA_L36_N2700_F270_DOC1.5_WOC2,conservative-v8-2026-09-03,S_WPA_L36_DOC1.5_WOC2.0_N2700_F270_R1
2,Scenario 2: Unseen Speed–Feed,Train,TEST iff filename contains N1800,S_WPA_L36_DOC1.5_WOC2.0_N2700_F270_R2.mat,S_WPA_L36_DOC1.5_WOC2.0_N2700_F270_R2,Stable,1,SigData.Label (audited against filename prefix and MATLAB list),S,normal_files,True,True,True,True,WPA,A,36,2700,270,1.5,2.0,2,350,WPA_L36_N2700_F270_DOC1.5_WOC2,conservative-v8-2026-09-03,S_WPA_L36_DOC1.5_WOC2.0_N2700_F270_R2
2,Scenario 2: Unseen Speed–Feed,Train,TEST iff filename contains N1800,S_WPA_L36_DOC1.5_WOC2.0_N2700_F270_R3.mat,S_WPA_L36_DOC1.5_WOC2.0_N2700_F270_R3,Stable,1,SigData.Label (audited against filename prefix and MATLAB list),S,normal_files,True,True,True,True,WPA,A,36,2700,270,1.5,2.0,3,350,WPA_L36_N2700_F270_DOC1.5_WOC2,conservative-v8-2026-09-03,S_WPA_L36_DOC1.5_WOC2.0_N2700_F270_R3
2,Scenario 2: Unseen Speed–Feed,Train,TEST iff filename contains N1800,S_WPA_L36_DOC1.5_WOC2.0_N2700_F270_R4.mat,S_WPA_L36_DOC1.5_WOC2.0_N2700_F270_R4,Stable,1,SigData.Label (audited against filename prefix and MATLAB list),S,normal_files,True,True,True,True,WPA,A,36,2700,270,1.5,2.0,4,350,WPA_L36_N2700_F270_DOC1.5_WOC2,conservative-v8-2026-09-03,S_WPA_L36_DOC1.5_WOC2.0_N2700_F270_R4
2,Scenario 2: Unseen Speed–Feed,Train,TEST iff filename contains N1800,S_WPA_L36_DOC2.0_WOC1.0_N2700_F270_R1.mat,S_WPA_L36_DOC2.0_WOC1.0_N2700_F270_R1,Stable,1,SigData.Label (audited against filename prefix and MATLAB list),S,normal_files,True,True,True,True,WPA,A,36,2700,270,2.0,1.0,1,350,WPA_L36_N2700_F270_DOC2_WOC1,conservative-v8-2026-09-03,S_WPA_L36_DOC2.0_WOC1.0_N2700_F270_R1
2,Scenario 2: Unseen Speed–Feed,Train,TEST iff filename contains N1800,S_WPA_L36_DOC2.0_WOC1.0_N2700_F270_R2.mat,S_WPA_L36_DOC2.0_WOC1.0_N2700_F270_R2,Stable,1,SigData.Label (audited against filename prefix and MATLAB list),S,normal_files,True,True,True,True,WPA,A,36,2700,270,2.0,1.0,2,350,WPA_L36_N2700_F270_DOC2_WOC1,conservative-v8-2026-09-03,S_WPA_L36_DOC2.0_WOC1.0_N2700_F270_R2
2,Scenario 2: Unseen Speed–Feed,Train,TEST iff filename contains N1800,S_WPA_L36_DOC2.0_WOC1.0_N2700_F270_R3.mat,S_WPA_L36_DOC2.0_WOC1.0_N2700_F270_R3,Stable,1,SigData.Label (audited against filename prefix and MATLAB list),S,normal_files,True,True,True,True,WPA,A,36,2700,270,2.0,1.0,3,350,WPA_L36_N2700_F270_DOC2_WOC1,conservative-v8-2026-09-03,S_WPA_L36_DOC2.0_WOC1.0_N2700_F270_R3
2,Scenario 2: Unseen Speed–Feed,Train,TEST iff filename contains N1800,S_WPA_L36_DOC2.0_WOC1.0_N2700_F270_R4.mat,S_WPA_L36_DOC2.0_WOC1.0_N2700_F270_R4,Stable,1,SigData.Label (audited against filename prefix and MATLAB list),S,normal_files,True,True,True,True,WPA,A,36,2700,270,2.0,1.0,4,350,WPA_L36_N2700_F270_DOC2_WOC1,conservative-v8-2026-09-03,S_WPA_L36_DOC2.0_WOC1.0_N2700_F270_R4
2,Scenario 2: Unseen Speed–Feed,Train,TEST iff filename contains N1800,S_WPA_L36_DOC4.0_WOC1.0_N2700_F270_R1.mat,S_WPA_L36_DOC4.0_WOC1.0_N2700_F270_R1,Stable,1,SigData.Label (audited against filename prefix and MATLAB list),S,normal_files,True,True,True,True,WPA,A,36,2700,270,4.0,1.0,1,350,WPA_L36_N2700_F270_DOC4_WOC1,conservative-v8-2026-09-03,S_WPA_L36_DOC4.0_WOC1.0_N2700_F270_R1
2,Scenario 2: Unseen Speed–Feed,Train,TEST iff filename contains N1800,S_WPA_L36_DOC4.0_WOC1.0_N2700_F270_R2.mat,S_WPA_L36_DOC4.0_WOC1.0_N2700_F270_R2,Stable,1,SigData.Label (audited against filename prefix and MATLAB list),S,normal_files,True,True,True,True,WPA,A,36,2700,270,4.0,1.0,2,350,WPA_L36_N2700_F270_DOC4_WOC1,conservative-v8-2026-09-03,S_WPA_L36_DOC4.0_WOC1.0_N2700_F270_R2
2,Scenario 2: Unseen Speed–Feed,Train,TEST iff filename contains N1800,S_WPA_L36_DOC4.0_WOC1.0_N2700_F270_R3.mat,S_WPA_L36_DOC4.0_WOC1.0_N2700_F270_R3,Stable,1,SigData.Label (audited against filename prefix and MATLAB list),S,normal_files,True,True,True,True,WPA,A,36,2700,270,4.0,1.0,3,350,WPA_L36_N2700_F270_DOC4_WOC1,conservative-v8-2026-09-03,S_WPA_L36_DOC4.0_WOC1.0_N2700_F270_R3
2,Scenario 2: Unseen Speed–Feed,Train,TEST iff filename contains N1800,S_WPA_L36_DOC4.0_WOC1.0_N2700_F270_R4.mat,S_WPA_L36_DOC4.0_WOC1.0_N2700_F270_R4,Stable,1,SigData.Label (audited against filename prefix and MATLAB list),S,normal_files,True,True,True,True,WPA,A,36,2700,270,4.0,1.0,4,350,WPA_L36_N2700_F270_DOC4_WOC1,conservative-v8-2026-09-03,S_WPA_L36_DOC4.0_WOC1.0_N2700_F270_R4
2,Scenario 2: Unseen Speed–Feed,Train,TEST iff filename contains N1800,S_WPA_L36_DOC6.0_WOC1.0_N2700_F270_R1.mat,S_WPA_L36_DOC6.0_WOC1.0_N2700_F270_R1,Stable,1,SigData.Label (audited against filename prefix and MATLAB list),S,normal_files,True,True,True,True,WPA,A,36,2700,270,6.0,1.0,1,350,WPA_L36_N2700_F270_DOC6_WOC1,conservative-v8-2026-09-03,S_WPA_L36_DOC6.0_WOC1.0_N2700_F270_R1
2,Scenario 2: Unseen Speed–Feed,Train,TEST iff filename contains N1800,S_WPA_L36_DOC6.0_WOC1.0_N2700_F270_R2.mat,S_WPA_L36_DOC6.0_WOC1.0_N2700_F270_R2,Stable,1,SigData.Label (audited against filename prefix and MATLAB list),S,normal_files,True,True,True,True,WPA,A,36,2700,270,6.0,1.0,2,350,WPA_L36_N2700_F270_DOC6_WOC1,conservative-v8-2026-09-03,S_WPA_L36_DOC6.0_WOC1.0_N2700_F270_R2
2,Scenario 2: Unseen Speed–Feed,Train,TEST iff filename contains N1800,S_WPA_L36_DOC6.0_WOC1.0_N2700_F270_R3.mat,S_WPA_L36_DOC6.0_WOC1.0_N2700_F270_R3,Stable,1,SigData.Label (audited against filename prefix and MATLAB list),S,normal_files,True,True,True,True,WPA,A,36,2700,270,6.0,1.0,3,350,WPA_L36_N2700_F270_DOC6_WOC1,conservative-v8-2026-09-03,S_WPA_L36_DOC6.0_WOC1.0_N2700_F270_R3
2,Scenario 2: Unseen Speed–Feed,Train,TEST iff filename contains N1800,S_WPA_L36_DOC6.0_WOC1.0_N2700_F270_R4.mat,S_WPA_L36_DOC6.0_WOC1.0_N2700_F270_R4,Stable,1,SigData.Label (audited against filename prefix and MATLAB list),S,normal_files,True,True,True,True,WPA,A,36,2700,270,6.0,1.0,4,350,WPA_L36_N2700_F270_DOC6_WOC1,conservative-v8-2026-09-03,S_WPA_L36_DOC6.0_WOC1.0_N2700_F270_R4
2,Scenario 2: Unseen Speed–Feed,Train,TEST iff filename contains N1800,S_WPB_L56_DOC0.5_WOC1.0_N2700_F270_R1.mat,S_WPB_L56_DOC0.5_WOC1.0_N2700_F270_R1,Stable,1,SigData.Label (audited against filename prefix and MATLAB list),S,normal_files,True,True,True,True,WPB,B,56,2700,270,0.5,1.0,1,350,WPB_L56_N2700_F270_DOC0.5_WOC1,conservative-v8-2026-09-03,S_WPB_L56_DOC0.5_WOC1.0_N2700_F270_R1
2,Scenario 2: Unseen Speed–Feed,Train,TEST iff filename contains N1800,S_WPB_L56_DOC0.5_WOC1.0_N2700_F270_R2.mat,S_WPB_L56_DOC0.5_WOC1.0_N2700_F270_R2,Stable,1,SigData.Label (audited against filename prefix and MATLAB list),S,normal_files,True,True,True,True,WPB,B,56,2700,270,0.5,1.0,2,350,WPB_L56_N2700_F270_DOC0.5_WOC1,conservative-v8-2026-09-03,S_WPB_L56_DOC0.5_WOC1.0_N2700_F270_R2
2,Scenario 2: Unseen Speed–Feed,Train,TEST iff filename contains N1800,S_WPB_L56_DOC0.5_WOC1.0_N2700_F270_R3.mat,S_WPB_L56_DOC0.5_WOC1.0_N2700_F270_R3,Stable,1,SigData.Label (audited against filename prefix and MATLAB list),S,normal_files,True,True,True,True,WPB,B,56,2700,270,0.5,1.0,3,350,WPB_L56_N2700_F270_DOC0.5_WOC1,conservative-v8-2026-09-03,S_WPB_L56_DOC0.5_WOC1.0_N2700_F270_R3
2,Scenario 2: Unseen Speed–Feed,Train,TEST iff filename contains N1800,S_WPB_L56_DOC0.5_WOC1.0_N2700_F270_R4.mat,S_WPB_L56_DOC0.5_WOC1.0_N2700_F270_R4,Stable,1,SigData.Label (audited against filename prefix and MATLAB list),S,normal_files,True,True,True,True,WPB,B,56,2700,270,0.5,1.0,4,350,WPB_L56_N2700_F270_DOC0.5_WOC1,conservative-v8-2026-09-03,S_WPB_L56_DOC0.5_WOC1.0_N2700_F270_R4
2,Scenario 2: Unseen Speed–Feed,Train,TEST iff filename contains N1800,S_WPB_L56_DOC0.5_WOC1.0_N3600_F360_R1.mat,S_WPB_L56_DOC0.5_WOC1.0_N3600_F360_R1,Stable,1,SigData.Label (audited against filename prefix and MATLAB list),S,normal_files,True,True,True,True,WPB,B,56,3600,360,0.5,1.0,1,350,WPB_L56_N3600_F360_DOC0.5_WOC1,conservative-v8-2026-09-03,S_WPB_L56_DOC0.5_WOC1.0_N3600_F360_R1
2,Scenario 2: Unseen Speed–Feed,Train,TEST iff filename contains N1800,S_WPB_L56_DOC0.5_WOC1.0_N3600_F360_R2.mat,S_WPB_L56_DOC0.5_WOC1.0_N3600_F360_R2,Stable,1,SigData.Label (audited against filename prefix and MATLAB list),S,normal_files,True,True,True,True,WPB,B,56,3600,360,0.5,1.0,2,350,WPB_L56_N3600_F360_DOC0.5_WOC1,conservative-v8-2026-09-03,S_WPB_L56_DOC0.5_WOC1.0_N3600_F360_R2
2,Scenario 2: Unseen Speed–Feed,Train,TEST iff filename contains N1800,S_WPB_L56_DOC0.5_WOC1.0_N3600_F360_R3.mat,S_WPB_L56_DOC0.5_WOC1.0_N3600_F360_R3,Stable,1,SigData.Label (audited against filename prefix and MATLAB list),S,normal_files,True,True,True,True,WPB,B,56,3600,360,0.5,1.0,3,350,WPB_L56_N3600_F360_DOC0.5_WOC1,conservative-v8-2026-09-03,S_WPB_L56_DOC0.5_WOC1.0_N3600_F360_R3
2,Scenario 2: Unseen Speed–Feed,Train,TEST iff filename contains N1800,S_WPB_L56_DOC0.5_WOC1.0_N3600_F360_R4.mat,S_WPB_L56_DOC0.5_WOC1.0_N3600_F360_R4,Stable,1,SigData.Label (audited against filename prefix and MATLAB list),S,normal_files,True,True,True,True,WPB,B,56,3600,360,0.5,1.0,4,350,WPB_L56_N3600_F360_DOC0.5_WOC1,conservative-v8-2026-09-03,S_WPB_L56_DOC0.5_WOC1.0_N3600_F360_R4
2,Scenario 2: Unseen Speed–Feed,Train,TEST iff filename contains N1800,S_WPB_L56_DOC0.5_WOC2.0_N2700_F270_R1.mat,S_WPB_L56_DOC0.5_WOC2.0_N2700_F270_R1,Stable,1,SigData.Label (audited against filename prefix and MATLAB list),S,normal_files,True,True,True,True,WPB,B,56,2700,270,0.5,2.0,1,350,WPB_L56_N2700_F270_DOC0.5_WOC2,conservative-v8-2026-09-03,S_WPB_L56_DOC0.5_WOC2.0_N2700_F270_R1
2,Scenario 2: Unseen Speed–Feed,Train,TEST iff filename contains N1800,S_WPB_L56_DOC0.5_WOC2.0_N2700_F270_R2.mat,S_WPB_L56_DOC0.5_WOC2.0_N2700_F270_R2,Stable,1,SigData.Label (audited against filename prefix and MATLAB list),S,normal_files,True,True,True,True,WPB,B,56,2700,270,0.5,2.0,2,350,WPB_L56_N2700_F270_DOC0.5_WOC2,conservative-v8-2026-09-03,S_WPB_L56_DOC0.5_WOC2.0_N2700_F270_R2
2,Scenario 2: Unseen Speed–Feed,Train,TEST iff filename contains N1800,S_WPB_L56_DOC0.5_WOC2.0_N2700_F270_R3.mat,S_WPB_L56_DOC0.5_WOC2.0_N2700_F270_R3,Stable,1,SigData.Label (audited against filename prefix and MATLAB list),S,normal_files,True,True,True,True,WPB,B,56,2700,270,0.5,2.0,3,350,WPB_L56_N2700_F270_DOC0.5_WOC2,conservative-v8-2026-09-03,S_WPB_L56_DOC0.5_WOC2.0_N2700_F270_R3
2,Scenario 2: Unseen Speed–Feed,Train,TEST iff filename contains N1800,S_WPB_L56_DOC0.5_WOC2.0_N2700_F270_R4.mat,S_WPB_L56_DOC0.5_WOC2.0_N2700_F270_R4,Stable,1,SigData.Label (audited against filename prefix and MATLAB list),S,normal_files,True,True,True,True,WPB,B,56,2700,270,0.5,2.0,4,350,WPB_L56_N2700_F270_DOC0.5_WOC2,conservative-v8-2026-09-03,S_WPB_L56_DOC0.5_WOC2.0_N2700_F270_R4
2,Scenario 2: Unseen Speed–Feed,Train,TEST iff filename contains N1800,S_WPB_L56_DOC1.0_WOC1.0_N2700_F270_R1.mat,S_WPB_L56_DOC1.0_WOC1.0_N2700_F270_R1,Stable,1,SigData.Label (audited against filename prefix and MATLAB list),S,normal_files,True,True,True,True,WPB,B,56,2700,270,1.0,1.0,1,350,WPB_L56_N2700_F270_DOC1_WOC1,conservative-v8-2026-09-03,S_WPB_L56_DOC1.0_WOC1.0_N2700_F270_R1
2,Scenario 2: Unseen Speed–Feed,Train,TEST iff filename contains N1800,S_WPB_L56_DOC1.0_WOC1.0_N2700_F270_R2.mat,S_WPB_L56_DOC1.0_WOC1.0_N2700_F270_R2,Stable,1,SigData.Label (audited against filename prefix and MATLAB list),S,normal_files,True,True,True,True,WPB,B,56,2700,270,1.0,1.0,2,350,WPB_L56_N2700_F270_DOC1_WOC1,conservative-v8-2026-09-03,S_WPB_L56_DOC1.0_WOC1.0_N2700_F270_R2
2,Scenario 2: Unseen Speed–Feed,Train,TEST iff filename contains N1800,S_WPB_L56_DOC1.0_WOC1.0_N2700_F270_R3.mat,S_WPB_L56_DOC1.0_WOC1.0_N2700_F270_R3,Stable,1,SigData.Label (audited against filename prefix and MATLAB list),S,normal_files,True,True,True,True,WPB,B,56,2700,270,1.0,1.0,3,350,WPB_L56_N2700_F270_DOC1_WOC1,conservative-v8-2026-09-03,S_WPB_L56_DOC1.0_WOC1.0_N2700_F270_R3
2,Scenario 2: Unseen Speed–Feed,Train,TEST iff filename contains N1800,S_WPB_L56_DOC1.0_WOC1.0_N2700_F270_R4.mat,S_WPB_L56_DOC1.0_WOC1.0_N2700_F270_R4,Stable,1,SigData.Label (audited against filename prefix and MATLAB list),S,normal_files,True,True,True,True,WPB,B,56,2700,270,1.0,1.0,4,350,WPB_L56_N2700_F270_DOC1_WOC1,conservative-v8-2026-09-03,S_WPB_L56_DOC1.0_WOC1.0_N2700_F270_R4
2,Scenario 2: Unseen Speed–Feed,Train,TEST iff filename contains N1800,S_WPB_L56_DOC1.0_WOC1.0_N3600_F360_R1.mat,S_WPB_L56_DOC1.0_WOC1.0_N3600_F360_R1,Stable,1,SigData.Label (audited against filename prefix and MATLAB list),S,normal_files,True,True,True,True,WPB,B,56,3600,360,1.0,1.0,1,350,WPB_L56_N3600_F360_DOC1_WOC1,conservative-v8-2026-09-03,S_WPB_L56_DOC1.0_WOC1.0_N3600_F360_R1
2,Scenario 2: Unseen Speed–Feed,Train,TEST iff filename contains N1800,S_WPB_L56_DOC1.0_WOC1.0_N3600_F360_R2.mat,S_WPB_L56_DOC1.0_WOC1.0_N3600_F360_R2,Stable,1,SigData.Label (audited against filename prefix and MATLAB list),S,normal_files,True,True,True,True,WPB,B,56,3600,360,1.0,1.0,2,350,WPB_L56_N3600_F360_DOC1_WOC1,conservative-v8-2026-09-03,S_WPB_L56_DOC1.0_WOC1.0_N3600_F360_R2
2,Scenario 2: Unseen Speed–Feed,Train,TEST iff filename contains N1800,S_WPB_L56_DOC1.0_WOC1.0_N3600_F360_R3.mat,S_WPB_L56_DOC1.0_WOC1.0_N3600_F360_R3,Stable,1,SigData.Label (audited against filename prefix and MATLAB list),S,normal_files,True,True,True,True,WPB,B,56,3600,360,1.0,1.0,3,350,WPB_L56_N3600_F360_DOC1_WOC1,conservative-v8-2026-09-03,S_WPB_L56_DOC1.0_WOC1.0_N3600_F360_R3
2,Scenario 2: Unseen Speed–Feed,Train,TEST iff filename contains N1800,S_WPB_L56_DOC1.0_WOC1.0_N3600_F360_R4.mat,S_WPB_L56_DOC1.0_WOC1.0_N3600_F360_R4,Stable,1,SigData.Label (audited against filename prefix and MATLAB list),S,normal_files,True,True,True,True,WPB,B,56,3600,360,1.0,1.0,4,350,WPB_L56_N3600_F360_DOC1_WOC1,conservative-v8-2026-09-03,S_WPB_L56_DOC1.0_WOC1.0_N3600_F360_R4
2,Scenario 2: Unseen Speed–Feed,Train,TEST iff filename contains N1800,S_WPB_L56_DOC1.0_WOC2.0_N2700_F270_R1.mat,S_WPB_L56_DOC1.0_WOC2.0_N2700_F270_R1,Stable,1,SigData.Label (audited against filename prefix and MATLAB list),S,normal_files,True,True,True,True,WPB,B,56,2700,270,1.0,2.0,1,350,WPB_L56_N2700_F270_DOC1_WOC2,conservative-v8-2026-09-03,S_WPB_L56_DOC1.0_WOC2.0_N2700_F270_R1
2,Scenario 2: Unseen Speed–Feed,Train,TEST iff filename contains N1800,S_WPB_L56_DOC1.0_WOC2.0_N2700_F270_R2.mat,S_WPB_L56_DOC1.0_WOC2.0_N2700_F270_R2,Stable,1,SigData.Label (audited against filename prefix and MATLAB list),S,normal_files,True,True,True,True,WPB,B,56,2700,270,1.0,2.0,2,350,WPB_L56_N2700_F270_DOC1_WOC2,conservative-v8-2026-09-03,S_WPB_L56_DOC1.0_WOC2.0_N2700_F270_R2
2,Scenario 2: Unseen Speed–Feed,Train,TEST iff filename contains N1800,S_WPB_L56_DOC1.0_WOC2.0_N2700_F270_R3.mat,S_WPB_L56_DOC1.0_WOC2.0_N2700_F270_R3,Stable,1,SigData.Label (audited against filename prefix and MATLAB list),S,normal_files,True,True,True,True,WPB,B,56,2700,270,1.0,2.0,3,350,WPB_L56_N2700_F270_DOC1_WOC2,conservative-v8-2026-09-03,S_WPB_L56_DOC1.0_WOC2.0_N2700_F270_R3
2,Scenario 2: Unseen Speed–Feed,Train,TEST iff filename contains N1800,S_WPB_L56_DOC1.0_WOC2.0_N2700_F270_R4.mat,S_WPB_L56_DOC1.0_WOC2.0_N2700_F270_R4,Stable,1,SigData.Label (audited against filename prefix and MATLAB list),S,normal_files,True,True,True,True,WPB,B,56,2700,270,1.0,2.0,4,350,WPB_L56_N2700_F270_DOC1_WOC2,conservative-v8-2026-09-03,S_WPB_L56_DOC1.0_WOC2.0_N2700_F270_R4
2,Scenario 2: Unseen Speed–Feed,Train,TEST iff filename contains N1800,S_WPB_L56_DOC1.5_WOC1.0_N2700_F270_R1.mat,S_WPB_L56_DOC1.5_WOC1.0_N2700_F270_R1,Stable,1,SigData.Label (audited against filename prefix and MATLAB list),S,normal_files,True,True,True,True,WPB,B,56,2700,270,1.5,1.0,1,350,WPB_L56_N2700_F270_DOC1.5_WOC1,conservative-v8-2026-09-03,S_WPB_L56_DOC1.5_WOC1.0_N2700_F270_R1
2,Scenario 2: Unseen Speed–Feed,Train,TEST iff filename contains N1800,S_WPB_L56_DOC1.5_WOC1.0_N2700_F270_R2.mat,S_WPB_L56_DOC1.5_WOC1.0_N2700_F270_R2,Stable,1,SigData.Label (audited against filename prefix and MATLAB list),S,normal_files,True,True,True,True,WPB,B,56,2700,270,1.5,1.0,2,350,WPB_L56_N2700_F270_DOC1.5_WOC1,conservative-v8-2026-09-03,S_WPB_L56_DOC1.5_WOC1.0_N2700_F270_R2
2,Scenario 2: Unseen Speed–Feed,Train,TEST iff filename contains N1800,S_WPB_L56_DOC1.5_WOC1.0_N2700_F270_R3.mat,S_WPB_L56_DOC1.5_WOC1.0_N2700_F270_R3,Stable,1,SigData.Label (audited against filename prefix and MATLAB list),S,normal_files,True,True,True,True,WPB,B,56,2700,270,1.5,1.0,3,350,WPB_L56_N2700_F270_DOC1.5_WOC1,conservative-v8-2026-09-03,S_WPB_L56_DOC1.5_WOC1.0_N2700_F270_R3
2,Scenario 2: Unseen Speed–Feed,Train,TEST iff filename contains N1800,S_WPB_L56_DOC1.5_WOC1.0_N2700_F270_R4.mat,S_WPB_L56_DOC1.5_WOC1.0_N2700_F270_R4,Stable,1,SigData.Label (audited against filename prefix and MATLAB list),S,normal_files,True,True,True,True,WPB,B,56,2700,270,1.5,1.0,4,350,WPB_L56_N2700_F270_DOC1.5_WOC1,conservative-v8-2026-09-03,S_WPB_L56_DOC1.5_WOC1.0_N2700_F270_R4
2,Scenario 2: Unseen Speed–Feed,Train,TEST iff filename contains N1800,S_WPB_L56_DOC1.5_WOC1.0_N3600_F360_R1.mat,S_WPB_L56_DOC1.5_WOC1.0_N3600_F360_R1,Stable,1,SigData.Label (audited against filename prefix and MATLAB list),S,normal_files,True,True,True,True,WPB,B,56,3600,360,1.5,1.0,1,344,WPB_L56_N3600_F360_DOC1.5_WOC1,conservative-v8-2026-09-03,S_WPB_L56_DOC1.5_WOC1.0_N3600_F360_R1
2,Scenario 2: Unseen Speed–Feed,Train,TEST iff filename contains N1800,S_WPB_L56_DOC1.5_WOC1.0_N3600_F360_R2.mat,S_WPB_L56_DOC1.5_WOC1.0_N3600_F360_R2,Stable,1,SigData.Label (audited against filename prefix and MATLAB list),S,normal_files,True,True,True,True,WPB,B,56,3600,360,1.5,1.0,2,350,WPB_L56_N3600_F360_DOC1.5_WOC1,conservative-v8-2026-09-03,S_WPB_L56_DOC1.5_WOC1.0_N3600_F360_R2
2,Scenario 2: Unseen Speed–Feed,Train,TEST iff filename contains N1800,S_WPB_L56_DOC1.5_WOC1.0_N3600_F360_R3.mat,S_WPB_L56_DOC1.5_WOC1.0_N3600_F360_R3,Stable,1,SigData.Label (audited against filename prefix and MATLAB list),S,normal_files,True,True,True,True,WPB,B,56,3600,360,1.5,1.0,3,350,WPB_L56_N3600_F360_DOC1.5_WOC1,conservative-v8-2026-09-03,S_WPB_L56_DOC1.5_WOC1.0_N3600_F360_R3
2,Scenario 2: Unseen Speed–Feed,Train,TEST iff filename contains N1800,S_WPB_L56_DOC1.5_WOC1.0_N3600_F360_R4.mat,S_WPB_L56_DOC1.5_WOC1.0_N3600_F360_R4,Stable,1,SigData.Label (audited against filename prefix and MATLAB list),S,normal_files,True,True,True,True,WPB,B,56,3600,360,1.5,1.0,4,350,WPB_L56_N3600_F360_DOC1.5_WOC1,conservative-v8-2026-09-03,S_WPB_L56_DOC1.5_WOC1.0_N3600_F360_R4
2,Scenario 2: Unseen Speed–Feed,Train,TEST iff filename contains N1800,S_WPB_L56_DOC1.5_WOC2.0_N2700_F270_R1.mat,S_WPB_L56_DOC1.5_WOC2.0_N2700_F270_R1,Stable,1,SigData.Label (audited against filename prefix and MATLAB list),S,normal_files,True,True,True,True,WPB,B,56,2700,270,1.5,2.0,1,350,WPB_L56_N2700_F270_DOC1.5_WOC2,conservative-v8-2026-09-03,S_WPB_L56_DOC1.5_WOC2.0_N2700_F270_R1
2,Scenario 2: Unseen Speed–Feed,Train,TEST iff filename contains N1800,S_WPB_L56_DOC1.5_WOC2.0_N2700_F270_R2.mat,S_WPB_L56_DOC1.5_WOC2.0_N2700_F270_R2,Stable,1,SigData.Label (audited against filename prefix and MATLAB list),S,normal_files,True,True,True,True,WPB,B,56,2700,270,1.5,2.0,2,350,WPB_L56_N2700_F270_DOC1.5_WOC2,conservative-v8-2026-09-03,S_WPB_L56_DOC1.5_WOC2.0_N2700_F270_R2
2,Scenario 2: Unseen Speed–Feed,Train,TEST iff filename contains N1800,S_WPB_L56_DOC1.5_WOC2.0_N2700_F270_R3.mat,S_WPB_L56_DOC1.5_WOC2.0_N2700_F270_R3,Stable,1,SigData.Label (audited against filename prefix and MATLAB list),S,normal_files,True,True,True,True,WPB,B,56,2700,270,1.5,2.0,3,350,WPB_L56_N2700_F270_DOC1.5_WOC2,conservative-v8-2026-09-03,S_WPB_L56_DOC1.5_WOC2.0_N2700_F270_R3
2,Scenario 2: Unseen Speed–Feed,Train,TEST iff filename contains N1800,S_WPB_L56_DOC1.5_WOC2.0_N2700_F270_R4.mat,S_WPB_L56_DOC1.5_WOC2.0_N2700_F270_R4,Stable,1,SigData.Label (audited against filename prefix and MATLAB list),S,normal_files,True,True,True,True,WPB,B,56,2700,270,1.5,2.0,4,350,WPB_L56_N2700_F270_DOC1.5_WOC2,conservative-v8-2026-09-03,S_WPB_L56_DOC1.5_WOC2.0_N2700_F270_R4
2,Scenario 2: Unseen Speed–Feed,Train,TEST iff filename contains N1800,U_WPA_L36_DOC2.0_WOC1.0_N3600_F360_R1.mat,U_WPA_L36_DOC2.0_WOC1.0_N3600_F360_R1,Chatter,0,SigData.Label (audited against filename prefix and MATLAB list),U,abnormal_files,True,True,True,True,WPA,A,36,3600,360,2.0,1.0,1,350,WPA_L36_N3600_F360_DOC2_WOC1,conservative-v8-2026-09-03,U_WPA_L36_DOC2.0_WOC1.0_N3600_F360_R1
2,Scenario 2: Unseen Speed–Feed,Train,TEST iff filename contains N1800,U_WPA_L36_DOC2.0_WOC1.0_N3600_F360_R2.mat,U_WPA_L36_DOC2.0_WOC1.0_N3600_F360_R2,Chatter,0,SigData.Label (audited against filename prefix and MATLAB list),U,abnormal_files,True,True,True,True,WPA,A,36,3600,360,2.0,1.0,2,350,WPA_L36_N3600_F360_DOC2_WOC1,conservative-v8-2026-09-03,U_WPA_L36_DOC2.0_WOC1.0_N3600_F360_R2
2,Scenario 2: Unseen Speed–Feed,Train,TEST iff filename contains N1800,U_WPA_L36_DOC2.0_WOC1.0_N3600_F360_R3.mat,U_WPA_L36_DOC2.0_WOC1.0_N3600_F360_R3,Chatter,0,SigData.Label (audited against filename prefix and MATLAB list),U,abnormal_files,True,True,True,True,WPA,A,36,3600,360,2.0,1.0,3,350,WPA_L36_N3600_F360_DOC2_WOC1,conservative-v8-2026-09-03,U_WPA_L36_DOC2.0_WOC1.0_N3600_F360_R3
2,Scenario 2: Unseen Speed–Feed,Train,TEST iff filename contains N1800,U_WPA_L36_DOC2.0_WOC1.0_N3600_F360_R4.mat,U_WPA_L36_DOC2.0_WOC1.0_N3600_F360_R4,Chatter,0,SigData.Label (audited against filename prefix and MATLAB list),U,abnormal_files,True,True,True,True,WPA,A,36,3600,360,2.0,1.0,4,350,WPA_L36_N3600_F360_DOC2_WOC1,conservative-v8-2026-09-03,U_WPA_L36_DOC2.0_WOC1.0_N3600_F360_R4
2,Scenario 2: Unseen Speed–Feed,Train,TEST iff filename contains N1800,U_WPA_L36_DOC2.0_WOC2.0_N2700_F270_R1.mat,U_WPA_L36_DOC2.0_WOC2.0_N2700_F270_R1,Chatter,0,SigData.Label (audited against filename prefix and MATLAB list),U,abnormal_files,True,True,True,True,WPA,A,36,2700,270,2.0,2.0,1,350,WPA_L36_N2700_F270_DOC2_WOC2,conservative-v8-2026-09-03,U_WPA_L36_DOC2.0_WOC2.0_N2700_F270_R1
2,Scenario 2: Unseen Speed–Feed,Train,TEST iff filename contains N1800,U_WPA_L36_DOC2.0_WOC2.0_N2700_F270_R2.mat,U_WPA_L36_DOC2.0_WOC2.0_N2700_F270_R2,Chatter,0,SigData.Label (audited against filename prefix and MATLAB list),U,abnormal_files,True,True,True,True,WPA,A,36,2700,270,2.0,2.0,2,350,WPA_L36_N2700_F270_DOC2_WOC2,conservative-v8-2026-09-03,U_WPA_L36_DOC2.0_WOC2.0_N2700_F270_R2
2,Scenario 2: Unseen Speed–Feed,Train,TEST iff filename contains N1800,U_WPA_L36_DOC2.0_WOC2.0_N2700_F270_R3.mat,U_WPA_L36_DOC2.0_WOC2.0_N2700_F270_R3,Chatter,0,SigData.Label (audited against filename prefix and MATLAB list),U,abnormal_files,True,True,True,True,WPA,A,36,2700,270,2.0,2.0,3,350,WPA_L36_N2700_F270_DOC2_WOC2,conservative-v8-2026-09-03,U_WPA_L36_DOC2.0_WOC2.0_N2700_F270_R3
2,Scenario 2: Unseen Speed–Feed,Train,TEST iff filename contains N1800,U_WPA_L36_DOC2.0_WOC2.0_N2700_F270_R4.mat,U_WPA_L36_DOC2.0_WOC2.0_N2700_F270_R4,Chatter,0,SigData.Label (audited against filename prefix and MATLAB list),U,abnormal_files,True,True,True,True,WPA,A,36,2700,270,2.0,2.0,4,350,WPA_L36_N2700_F270_DOC2_WOC2,conservative-v8-2026-09-03,U_WPA_L36_DOC2.0_WOC2.0_N2700_F270_R4
2,Scenario 2: Unseen Speed–Feed,Train,TEST iff filename contains N1800,U_WPA_L36_DOC3.0_WOC1.0_N3600_F360_R1.mat,U_WPA_L36_DOC3.0_WOC1.0_N3600_F360_R1,Chatter,0,SigData.Label (audited against filename prefix and MATLAB list),U,abnormal_files,True,True,True,True,WPA,A,36,3600,360,3.0,1.0,1,350,WPA_L36_N3600_F360_DOC3_WOC1,conservative-v8-2026-09-03,U_WPA_L36_DOC3.0_WOC1.0_N3600_F360_R1
2,Scenario 2: Unseen Speed–Feed,Train,TEST iff filename contains N1800,U_WPA_L36_DOC3.0_WOC1.0_N3600_F360_R2.mat,U_WPA_L36_DOC3.0_WOC1.0_N3600_F360_R2,Chatter,0,SigData.Label (audited against filename prefix and MATLAB list),U,abnormal_files,True,True,True,True,WPA,A,36,3600,360,3.0,1.0,2,350,WPA_L36_N3600_F360_DOC3_WOC1,conservative-v8-2026-09-03,U_WPA_L36_DOC3.0_WOC1.0_N3600_F360_R2
2,Scenario 2: Unseen Speed–Feed,Train,TEST iff filename contains N1800,U_WPA_L36_DOC3.0_WOC1.0_N3600_F360_R3.mat,U_WPA_L36_DOC3.0_WOC1.0_N3600_F360_R3,Chatter,0,SigData.Label (audited against filename prefix and MATLAB list),U,abnormal_files,True,True,True,True,WPA,A,36,3600,360,3.0,1.0,3,350,WPA_L36_N3600_F360_DOC3_WOC1,conservative-v8-2026-09-03,U_WPA_L36_DOC3.0_WOC1.0_N3600_F360_R3
2,Scenario 2: Unseen Speed–Feed,Train,TEST iff filename contains N1800,U_WPA_L36_DOC3.0_WOC1.0_N3600_F360_R4.mat,U_WPA_L36_DOC3.0_WOC1.0_N3600_F360_R4,Chatter,0,SigData.Label (audited against filename prefix and MATLAB list),U,abnormal_files,True,True,True,True,WPA,A,36,3600,360,3.0,1.0,4,350,WPA_L36_N3600_F360_DOC3_WOC1,conservative-v8-2026-09-03,U_WPA_L36_DOC3.0_WOC1.0_N3600_F360_R4
2,Scenario 2: Unseen Speed–Feed,Train,TEST iff filename contains N1800,U_WPA_L36_DOC4.0_WOC2.0_N2700_F270_R1.mat,U_WPA_L36_DOC4.0_WOC2.0_N2700_F270_R1,Chatter,0,SigData.Label (audited against filename prefix and MATLAB list),U,abnormal_files,True,True,True,True,WPA,A,36,2700,270,4.0,2.0,1,350,WPA_L36_N2700_F270_DOC4_WOC2,conservative-v8-2026-09-03,U_WPA_L36_DOC4.0_WOC2.0_N2700_F270_R1
2,Scenario 2: Unseen Speed–Feed,Train,TEST iff filename contains N1800,U_WPA_L36_DOC4.0_WOC2.0_N2700_F270_R2.mat,U_WPA_L36_DOC4.0_WOC2.0_N2700_F270_R2,Chatter,0,SigData.Label (audited against filename prefix and MATLAB list),U,abnormal_files,True,True,True,True,WPA,A,36,2700,270,4.0,2.0,2,350,WPA_L36_N2700_F270_DOC4_WOC2,conservative-v8-2026-09-03,U_WPA_L36_DOC4.0_WOC2.0_N2700_F270_R2
2,Scenario 2: Unseen Speed–Feed,Train,TEST iff filename contains N1800,U_WPA_L36_DOC4.0_WOC2.0_N2700_F270_R3.mat,U_WPA_L36_DOC4.0_WOC2.0_N2700_F270_R3,Chatter,0,SigData.Label (audited against filename prefix and MATLAB list),U,abnormal_files,True,True,True,True,WPA,A,36,2700,270,4.0,2.0,3,350,WPA_L36_N2700_F270_DOC4_WOC2,conservative-v8-2026-09-03,U_WPA_L36_DOC4.0_WOC2.0_N2700_F270_R3
2,Scenario 2: Unseen Speed–Feed,Train,TEST iff filename contains N1800,U_WPA_L36_DOC4.0_WOC2.0_N2700_F270_R4.mat,U_WPA_L36_DOC4.0_WOC2.0_N2700_F270_R4,Chatter,0,SigData.Label (audited against filename prefix and MATLAB list),U,abnormal_files,True,True,True,True,WPA,A,36,2700,270,4.0,2.0,4,350,WPA_L36_N2700_F270_DOC4_WOC2,conservative-v8-2026-09-03,U_WPA_L36_DOC4.0_WOC2.0_N2700_F270_R4
2,Scenario 2: Unseen Speed–Feed,Train,TEST iff filename contains N1800,U_WPB_L56_DOC2.0_WOC1.0_N2700_F270_R1.mat,U_WPB_L56_DOC2.0_WOC1.0_N2700_F270_R1,Chatter,0,SigData.Label (audited against filename prefix and MATLAB list),U,abnormal_files,True,True,True,True,WPB,B,56,2700,270,2.0,1.0,1,350,WPB_L56_N2700_F270_DOC2_WOC1,conservative-v8-2026-09-03,U_WPB_L56_DOC2.0_WOC1.0_N2700_F270_R1
2,Scenario 2: Unseen Speed–Feed,Train,TEST iff filename contains N1800,U_WPB_L56_DOC2.0_WOC1.0_N2700_F270_R2.mat,U_WPB_L56_DOC2.0_WOC1.0_N2700_F270_R2,Chatter,0,SigData.Label (audited against filename prefix and MATLAB list),U,abnormal_files,True,True,True,True,WPB,B,56,2700,270,2.0,1.0,2,350,WPB_L56_N2700_F270_DOC2_WOC1,conservative-v8-2026-09-03,U_WPB_L56_DOC2.0_WOC1.0_N2700_F270_R2
2,Scenario 2: Unseen Speed–Feed,Train,TEST iff filename contains N1800,U_WPB_L56_DOC2.0_WOC1.0_N2700_F270_R3.mat,U_WPB_L56_DOC2.0_WOC1.0_N2700_F270_R3,Chatter,0,SigData.Label (audited against filename prefix and MATLAB list),U,abnormal_files,True,True,True,True,WPB,B,56,2700,270,2.0,1.0,3,350,WPB_L56_N2700_F270_DOC2_WOC1,conservative-v8-2026-09-03,U_WPB_L56_DOC2.0_WOC1.0_N2700_F270_R3
2,Scenario 2: Unseen Speed–Feed,Train,TEST iff filename contains N1800,U_WPB_L56_DOC2.0_WOC1.0_N2700_F270_R4.mat,U_WPB_L56_DOC2.0_WOC1.0_N2700_F270_R4,Chatter,0,SigData.Label (audited against filename prefix and MATLAB list),U,abnormal_files,True,True,True,True,WPB,B,56,2700,270,2.0,1.0,4,350,WPB_L56_N2700_F270_DOC2_WOC1,conservative-v8-2026-09-03,U_WPB_L56_DOC2.0_WOC1.0_N2700_F270_R4
2,Scenario 2: Unseen Speed–Feed,Train,TEST iff filename contains N1800,U_WPB_L56_DOC2.0_WOC1.0_N3600_F360_R1.mat,U_WPB_L56_DOC2.0_WOC1.0_N3600_F360_R1,Chatter,0,SigData.Label (audited against filename prefix and MATLAB list),U,abnormal_files,True,True,True,True,WPB,B,56,3600,360,2.0,1.0,1,350,WPB_L56_N3600_F360_DOC2_WOC1,conservative-v8-2026-09-03,U_WPB_L56_DOC2.0_WOC1.0_N3600_F360_R1
2,Scenario 2: Unseen Speed–Feed,Train,TEST iff filename contains N1800,U_WPB_L56_DOC2.0_WOC1.0_N3600_F360_R2.mat,U_WPB_L56_DOC2.0_WOC1.0_N3600_F360_R2,Chatter,0,SigData.Label (audited against filename prefix and MATLAB list),U,abnormal_files,True,True,True,True,WPB,B,56,3600,360,2.0,1.0,2,350,WPB_L56_N3600_F360_DOC2_WOC1,conservative-v8-2026-09-03,U_WPB_L56_DOC2.0_WOC1.0_N3600_F360_R2
2,Scenario 2: Unseen Speed–Feed,Train,TEST iff filename contains N1800,U_WPB_L56_DOC2.0_WOC1.0_N3600_F360_R3.mat,U_WPB_L56_DOC2.0_WOC1.0_N3600_F360_R3,Chatter,0,SigData.Label (audited against filename prefix and MATLAB list),U,abnormal_files,True,True,True,True,WPB,B,56,3600,360,2.0,1.0,3,350,WPB_L56_N3600_F360_DOC2_WOC1,conservative-v8-2026-09-03,U_WPB_L56_DOC2.0_WOC1.0_N3600_F360_R3
2,Scenario 2: Unseen Speed–Feed,Train,TEST iff filename contains N1800,U_WPB_L56_DOC2.0_WOC1.0_N3600_F360_R4.mat,U_WPB_L56_DOC2.0_WOC1.0_N3600_F360_R4,Chatter,0,SigData.Label (audited against filename prefix and MATLAB list),U,abnormal_files,True,True,True,True,WPB,B,56,3600,360,2.0,1.0,4,350,WPB_L56_N3600_F360_DOC2_WOC1,conservative-v8-2026-09-03,U_WPB_L56_DOC2.0_WOC1.0_N3600_F360_R4
2,Scenario 2: Unseen Speed–Feed,Train,TEST iff filename contains N1800,U_WPB_L56_DOC2.0_WOC2.0_N2700_F270_R1.mat,U_WPB_L56_DOC2.0_WOC2.0_N2700_F270_R1,Chatter,0,SigData.Label (audited against filename prefix and MATLAB list),U,abnormal_files,True,True,True,True,WPB,B,56,2700,270,2.0,2.0,1,350,WPB_L56_N2700_F270_DOC2_WOC2,conservative-v8-2026-09-03,U_WPB_L56_DOC2.0_WOC2.0_N2700_F270_R1
2,Scenario 2: Unseen Speed–Feed,Train,TEST iff filename contains N1800,U_WPB_L56_DOC2.0_WOC2.0_N2700_F270_R2.mat,U_WPB_L56_DOC2.0_WOC2.0_N2700_F270_R2,Chatter,0,SigData.Label (audited against filename prefix and MATLAB list),U,abnormal_files,True,True,True,True,WPB,B,56,2700,270,2.0,2.0,2,350,WPB_L56_N2700_F270_DOC2_WOC2,conservative-v8-2026-09-03,U_WPB_L56_DOC2.0_WOC2.0_N2700_F270_R2
2,Scenario 2: Unseen Speed–Feed,Train,TEST iff filename contains N1800,U_WPB_L56_DOC2.0_WOC2.0_N2700_F270_R3.mat,U_WPB_L56_DOC2.0_WOC2.0_N2700_F270_R3,Chatter,0,SigData.Label (audited against filename prefix and MATLAB list),U,abnormal_files,True,True,True,True,WPB,B,56,2700,270,2.0,2.0,3,350,WPB_L56_N2700_F270_DOC2_WOC2,conservative-v8-2026-09-03,U_WPB_L56_DOC2.0_WOC2.0_N2700_F270_R3
2,Scenario 2: Unseen Speed–Feed,Train,TEST iff filename contains N1800,U_WPB_L56_DOC2.0_WOC2.0_N2700_F270_R4.mat,U_WPB_L56_DOC2.0_WOC2.0_N2700_F270_R4,Chatter,0,SigData.Label (audited against filename prefix and MATLAB list),U,abnormal_files,True,True,True,True,WPB,B,56,2700,270,2.0,2.0,4,350,WPB_L56_N2700_F270_DOC2_WOC2,conservative-v8-2026-09-03,U_WPB_L56_DOC2.0_WOC2.0_N2700_F270_R4
2,Scenario 2: Unseen Speed–Feed,Train,TEST iff filename contains N1800,U_WPB_L56_DOC3.0_WOC1.0_N3600_F360_R1.mat,U_WPB_L56_DOC3.0_WOC1.0_N3600_F360_R1,Chatter,0,SigData.Label (audited against filename prefix and MATLAB list),U,abnormal_files,True,True,True,True,WPB,B,56,3600,360,3.0,1.0,1,350,WPB_L56_N3600_F360_DOC3_WOC1,conservative-v8-2026-09-03,U_WPB_L56_DOC3.0_WOC1.0_N3600_F360_R1
2,Scenario 2: Unseen Speed–Feed,Train,TEST iff filename contains N1800,U_WPB_L56_DOC3.0_WOC1.0_N3600_F360_R2.mat,U_WPB_L56_DOC3.0_WOC1.0_N3600_F360_R2,Chatter,0,SigData.Label (audited against filename prefix and MATLAB list),U,abnormal_files,True,True,True,True,WPB,B,56,3600,360,3.0,1.0,2,350,WPB_L56_N3600_F360_DOC3_WOC1,conservative-v8-2026-09-03,U_WPB_L56_DOC3.0_WOC1.0_N3600_F360_R2
2,Scenario 2: Unseen Speed–Feed,Train,TEST iff filename contains N1800,U_WPB_L56_DOC3.0_WOC1.0_N3600_F360_R3.mat,U_WPB_L56_DOC3.0_WOC1.0_N3600_F360_R3,Chatter,0,SigData.Label (audited against filename prefix and MATLAB list),U,abnormal_files,True,True,True,True,WPB,B,56,3600,360,3.0,1.0,3,350,WPB_L56_N3600_F360_DOC3_WOC1,conservative-v8-2026-09-03,U_WPB_L56_DOC3.0_WOC1.0_N3600_F360_R3
2,Scenario 2: Unseen Speed–Feed,Train,TEST iff filename contains N1800,U_WPB_L56_DOC3.0_WOC1.0_N3600_F360_R4.mat,U_WPB_L56_DOC3.0_WOC1.0_N3600_F360_R4,Chatter,0,SigData.Label (audited against filename prefix and MATLAB list),U,abnormal_files,True,True,True,True,WPB,B,56,3600,360,3.0,1.0,4,350,WPB_L56_N3600_F360_DOC3_WOC1,conservative-v8-2026-09-03,U_WPB_L56_DOC3.0_WOC1.0_N3600_F360_R4
2,Scenario 2: Unseen Speed–Feed,Train,TEST iff filename contains N1800,U_WPB_L56_DOC4.0_WOC1.0_N2700_F270_R1.mat,U_WPB_L56_DOC4.0_WOC1.0_N2700_F270_R1,Chatter,0,SigData.Label (audited against filename prefix and MATLAB list),U,abnormal_files,True,True,True,True,WPB,B,56,2700,270,4.0,1.0,1,350,WPB_L56_N2700_F270_DOC4_WOC1,conservative-v8-2026-09-03,U_WPB_L56_DOC4.0_WOC1.0_N2700_F270_R1
2,Scenario 2: Unseen Speed–Feed,Train,TEST iff filename contains N1800,U_WPB_L56_DOC4.0_WOC1.0_N2700_F270_R2.mat,U_WPB_L56_DOC4.0_WOC1.0_N2700_F270_R2,Chatter,0,SigData.Label (audited against filename prefix and MATLAB list),U,abnormal_files,True,True,True,True,WPB,B,56,2700,270,4.0,1.0,2,350,WPB_L56_N2700_F270_DOC4_WOC1,conservative-v8-2026-09-03,U_WPB_L56_DOC4.0_WOC1.0_N2700_F270_R2
2,Scenario 2: Unseen Speed–Feed,Train,TEST iff filename contains N1800,U_WPB_L56_DOC4.0_WOC1.0_N2700_F270_R3.mat,U_WPB_L56_DOC4.0_WOC1.0_N2700_F270_R3,Chatter,0,SigData.Label (audited against filename prefix and MATLAB list),U,abnormal_files,True,True,True,True,WPB,B,56,2700,270,4.0,1.0,3,273,WPB_L56_N2700_F270_DOC4_WOC1,conservative-v8-2026-09-03,U_WPB_L56_DOC4.0_WOC1.0_N2700_F270_R3
2,Scenario 2: Unseen Speed–Feed,Train,TEST iff filename contains N1800,U_WPB_L56_DOC4.0_WOC1.0_N2700_F270_R4.mat,U_WPB_L56_DOC4.0_WOC1.0_N2700_F270_R4,Chatter,0,SigData.Label (audited against filename prefix and MATLAB list),U,abnormal_files,True,True,True,True,WPB,B,56,2700,270,4.0,1.0,4,350,WPB_L56_N2700_F270_DOC4_WOC1,conservative-v8-2026-09-03,U_WPB_L56_DOC4.0_WOC1.0_N2700_F270_R4
2,Scenario 2: Unseen Speed–Feed,Train,TEST iff filename contains N1800,U_WPB_L56_DOC4.0_WOC2.0_N2700_F270_R1.mat,U_WPB_L56_DOC4.0_WOC2.0_N2700_F270_R1,Chatter,0,SigData.Label (audited against filename prefix and MATLAB list),U,abnormal_files,True,True,True,True,WPB,B,56,2700,270,4.0,2.0,1,350,WPB_L56_N2700_F270_DOC4_WOC2,conservative-v8-2026-09-03,U_WPB_L56_DOC4.0_WOC2.0_N2700_F270_R1
2,Scenario 2: Unseen Speed–Feed,Train,TEST iff filename contains N1800,U_WPB_L56_DOC4.0_WOC2.0_N2700_F270_R2.mat,U_WPB_L56_DOC4.0_WOC2.0_N2700_F270_R2,Chatter,0,SigData.Label (audited against filename prefix and MATLAB list),U,abnormal_files,True,True,True,True,WPB,B,56,2700,270,4.0,2.0,2,350,WPB_L56_N2700_F270_DOC4_WOC2,conservative-v8-2026-09-03,U_WPB_L56_DOC4.0_WOC2.0_N2700_F270_R2
2,Scenario 2: Unseen Speed–Feed,Train,TEST iff filename contains N1800,U_WPB_L56_DOC4.0_WOC2.0_N2700_F270_R3.mat,U_WPB_L56_DOC4.0_WOC2.0_N2700_F270_R3,Chatter,0,SigData.Label (audited against filename prefix and MATLAB list),U,abnormal_files,True,True,True,True,WPB,B,56,2700,270,4.0,2.0,3,350,WPB_L56_N2700_F270_DOC4_WOC2,conservative-v8-2026-09-03,U_WPB_L56_DOC4.0_WOC2.0_N2700_F270_R3
2,Scenario 2: Unseen Speed–Feed,Train,TEST iff filename contains N1800,U_WPB_L56_DOC4.0_WOC2.0_N2700_F270_R4.mat,U_WPB_L56_DOC4.0_WOC2.0_N2700_F270_R4,Chatter,0,SigData.Label (audited against filename prefix and MATLAB list),U,abnormal_files,True,True,True,True,WPB,B,56,2700,270,4.0,2.0,4,350,WPB_L56_N2700_F270_DOC4_WOC2,conservative-v8-2026-09-03,U_WPB_L56_DOC4.0_WOC2.0_N2700_F270_R4
2,Scenario 2: Unseen Speed–Feed,Train,TEST iff filename contains N1800,U_WPB_L56_DOC6.0_WOC1.0_N2700_F270_R1.mat,U_WPB_L56_DOC6.0_WOC1.0_N2700_F270_R1,Chatter,0,SigData.Label (audited against filename prefix and MATLAB list),U,abnormal_files,True,True,True,True,WPB,B,56,2700,270,6.0,1.0,1,350,WPB_L56_N2700_F270_DOC6_WOC1,conservative-v8-2026-09-03,U_WPB_L56_DOC6.0_WOC1.0_N2700_F270_R1
2,Scenario 2: Unseen Speed–Feed,Train,TEST iff filename contains N1800,U_WPB_L56_DOC6.0_WOC1.0_N2700_F270_R2.mat,U_WPB_L56_DOC6.0_WOC1.0_N2700_F270_R2,Chatter,0,SigData.Label (audited against filename prefix and MATLAB list),U,abnormal_files,True,True,True,True,WPB,B,56,2700,270,6.0,1.0,2,350,WPB_L56_N2700_F270_DOC6_WOC1,conservative-v8-2026-09-03,U_WPB_L56_DOC6.0_WOC1.0_N2700_F270_R2
2,Scenario 2: Unseen Speed–Feed,Train,TEST iff filename contains N1800,U_WPB_L56_DOC6.0_WOC1.0_N2700_F270_R3.mat,U_WPB_L56_DOC6.0_WOC1.0_N2700_F270_R3,Chatter,0,SigData.Label (audited against filename prefix and MATLAB list),U,abnormal_files,True,True,True,True,WPB,B,56,2700,270,6.0,1.0,3,350,WPB_L56_N2700_F270_DOC6_WOC1,conservative-v8-2026-09-03,U_WPB_L56_DOC6.0_WOC1.0_N2700_F270_R3
2,Scenario 2: Unseen Speed–Feed,Train,TEST iff filename contains N1800,U_WPB_L56_DOC6.0_WOC1.0_N2700_F270_R4.mat,U_WPB_L56_DOC6.0_WOC1.0_N2700_F270_R4,Chatter,0,SigData.Label (audited against filename prefix and MATLAB list),U,abnormal_files,True,True,True,True,WPB,B,56,2700,270,6.0,1.0,4,350,WPB_L56_N2700_F270_DOC6_WOC1,conservative-v8-2026-09-03,U_WPB_L56_DOC6.0_WOC1.0_N2700_F270_R4
