Method,Feature_Set,Removed_Feature,Mean_MCC,Overall_Min_MCC,Overall_Min_Scenario,Overall_Min_Retention,Mean_MCC_Drop_vs_Triplet,Positive_Drop_Count,Tie_Count,Negative_Drop_Count
FARW,P2P + EnR + SE,None,0.8977854778993969,0.8609511630710617,S2,10%,0.0,0,15,0
FARW,EnR + SE,P2P,0.8252734187530424,0.7631892215539698,S1,20%,0.07251205914635458,15,0,0
FARW,P2P + SE,EnR,0.7258710751957964,0.5875748409394769,S2,10%,0.1719144027036003,15,0,0
FARW,P2P + EnR,SE,0.8692960642077385,0.841446180036295,S2,10%,0.02848941369165828,15,0,0
Global Medoid,P2P + EnR + SE,None,0.8998392980151945,0.8542915358936625,S2,10%,0.0,0,15,0
Global Medoid,EnR + SE,P2P,0.8227454392627019,0.7600921491614698,S1,50%,0.07709385875249254,14,0,1
Global Medoid,P2P + SE,EnR,0.7379896244487962,0.6391680296200972,S2,30%,0.16184967356639826,15,0,0
Global Medoid,P2P + EnR,SE,0.8766100163188639,0.8509732097765762,S3,50%,0.023229281696330584,13,0,2
Global Centroid,P2P + EnR + SE,None,0.895343997295241,0.8695525462299897,S3,50%,0.0,0,15,0
Global Centroid,EnR + SE,P2P,0.8288777174644493,0.7668447128194816,S1,40%,0.06646627983079176,14,0,1
Global Centroid,P2P + SE,EnR,0.7345188075197079,0.6257087638323117,S2,50%,0.16082518977553303,15,0,0
Global Centroid,P2P + EnR,SE,0.8724200440411107,0.8409109994417583,S2,10%,0.022923953254130252,14,0,1
Rényi,P2P + EnR + SE,None,0.8968782375004896,0.8540471406259288,S2,10%,0.0,0,15,0
Rényi,EnR + SE,P2P,0.8273735561445128,0.7622530564623886,S1,10%,0.06950468135597661,13,0,2
Rényi,P2P + SE,EnR,0.7473512122384535,0.6473249609400462,S2,30%,0.1495270252620361,15,0,0
Rényi,P2P + EnR,SE,0.8805209976978581,0.8602177072425705,S3,40%,0.01635723980263149,13,0,2
