summary_type,scenario,scenario_name,method,method_key,baseline,budget,retention,configuration_count,mean_MCC,worst_MCC,best_MCC,win_count,mean_balanced_accuracy,mean_accuracy,mean_macro_F1,mean_specificity,mean_sensitivity,farw_minus_baseline_mean,farw_minus_baseline_median,farw_minus_baseline_worst,farw_minus_baseline_best,farw_win_count,farw_loss_count,notes
METHOD_AGGREGATE_REDUCED,,,FARW,farw,,,,15,0.8977854778993969,0.8609511630710617,0.9205439044258971,2,0.9435755261352567,0.9540860482435621,0.9473049671203884,0.89897645221681,0.9881746000537035,,,,,,,15 Scenario x budget cells; win count includes exact ties
METHOD_AGGREGATE_REDUCED,,,Medoid,medoid,,,,15,0.8998392980151946,0.8542915358936625,0.9275414881092747,6,0.9454228150105944,0.9555489603342292,0.9487648909137322,0.9049185809222142,0.9859270490989747,,,,,,,15 Scenario x budget cells; win count includes exact ties
METHOD_AGGREGATE_REDUCED,,,Centroid,centroid,,,,15,0.895343997295241,0.8695525462299897,0.9254820923566969,3,0.9429990491431074,0.9528051905521603,0.9460312976076307,0.8994363349215222,0.9865617633646926,,,,,,,15 Scenario x budget cells; win count includes exact ties
METHOD_AGGREGATE_REDUCED,,,Renyi,renyi,,,,15,0.8968782375004896,0.8540471406259288,0.9245155011757722,2,0.9435545303620212,0.9543036992197059,0.9471484585665125,0.9007762428243143,0.986332817899728,,,,,,,15 Scenario x budget cells; win count includes exact ties
FARW_VS_BASELINE,,,FARW,farw,medoid,,,15,,,,,,,,,,-0.0020538201157977182,-0.0049814942477803825,-0.021086945767949006,0.03736220056950157,6,9,Paired MCC differences across identical Scenario x budget cells
FARW_VS_BASELINE,,,FARW,farw,centroid,,,15,,,,,,,,,,0.0024414806041559286,0.0036154905023724204,-0.05468826133480531,0.025732782032735768,10,5,Paired MCC differences across identical Scenario x budget cells
FARW_VS_BASELINE,,,FARW,farw,renyi,,,15,,,,,,,,,,0.0009072403989072978,-0.003971596749875128,-0.015090738484057065,0.03677087740130758,7,8,Paired MCC differences across identical Scenario x budget cells
FARW_VS_BASELINE,,,FARW,farw,random,,,15,,,,,,,,,,0.025351895344083736,0.019179527962175036,-0.015829819161543912,0.07242577569026032,12,3,Paired MCC differences across identical Scenario x budget cells
SCENARIO_ALL_METHODS,1,Scenario 1: Intermediate Depth-of-Cut,,,,,,25,0.911737033947938,0.8750501568573525,0.9275414881092747,,0.9491102860772703,0.9572525483471468,0.9548463521234338,0.9083523809523809,0.9898681912021597,,,,,,,Mean across five methods and five budgets
METHOD_SCENARIO,1,Scenario 1: Intermediate Depth-of-Cut,FARW,farw,,,,5,0.9135974296820379,0.9093838538620908,0.9205439044258971,,0.949581439007237,0.9580642088215681,0.9556717875644883,0.9071190476190476,0.9920438303954264,,,,,,,Mean across five budgets
METHOD_SCENARIO,1,Scenario 1: Intermediate Depth-of-Cut,Medoid,medoid,,,,5,0.9178140452450323,0.9100362382538729,0.9275414881092747,,0.9532710757957304,0.9603124702295894,0.9581817850463827,0.9180238095238096,0.9885183420676513,,,,,,,Mean across five budgets
METHOD_SCENARIO,1,Scenario 1: Intermediate Depth-of-Cut,Centroid,centroid,,,,5,0.909869495181019,0.9040190664941309,0.9123405579780355,,0.9477873987613149,0.9563018005144327,0.9538180767628762,0.9051666666666667,0.9904081308559631,,,,,,,Mean across five budgets
METHOD_SCENARIO,1,Scenario 1: Intermediate Depth-of-Cut,Renyi,renyi,,,,5,0.9173474349366058,0.9096287282000641,0.9245155011757722,,0.9524738424192927,0.959998094693722,0.9577968207922948,0.9148095238095237,0.9901381610290615,,,,,,,Mean across five budgets
SCENARIO_ALL_METHODS,2,Scenario 2: Unseen Speed–Feed,,,,,,25,0.8880412316118645,0.8093946988818117,0.9270239013969955,,0.9441244897959183,0.9609714285714286,0.9434701457893174,0.9138000000000001,0.9744489795918367,,,,,,,Mean across five methods and five budgets
METHOD_SCENARIO,2,Scenario 2: Unseen Speed–Feed,FARW,farw,,,,5,0.9011952666119525,0.8609511630710617,0.918248960642222,,0.9524132653061225,0.9656190476190476,0.9503190883978779,0.9286428571428571,0.9761836734693877,,,,,,,Mean across five budgets
METHOD_SCENARIO,2,Scenario 2: Unseen Speed–Feed,Medoid,medoid,,,,5,0.8976962020502065,0.8542915358936625,0.9270239013969955,,0.9499897959183673,0.9645873015873015,0.9487062731840147,0.9237142857142857,0.976265306122449,,,,,,,Mean across five budgets
METHOD_SCENARIO,2,Scenario 2: Unseen Speed–Feed,Centroid,centroid,,,,5,0.9014706615343271,0.875864727252754,0.9254820923566969,,0.9544846938775511,0.9654285714285714,0.9503242848472859,0.9347857142857143,0.9741836734693877,,,,,,,Mean across five budgets
METHOD_SCENARIO,2,Scenario 2: Unseen Speed–Feed,Renyi,renyi,,,,5,0.8902832104355493,0.8540471406259288,0.922783590351829,,0.946234693877551,0.9618412698412698,0.9450010157076493,0.9181428571428571,0.974326530612245,,,,,,,Mean across five budgets
SCENARIO_ALL_METHODS,3,Scenario 3: Cross-Geometry,,,,,,25,0.8775900903995784,0.8334729640599887,0.9037198593381008,,0.9286642759054909,0.9382419756455299,0.9356038867233261,0.8629210253134233,0.9944075264975587,,,,,,,Mean across five methods and five budgets
METHOD_SCENARIO,3,Scenario 3: Cross-Geometry,FARW,farw,,,,5,0.8785637374042001,0.8646920660544217,0.8901068499269129,,0.9287318740924106,0.9385748882900706,0.9359240253987989,0.8611674518885252,0.9962962962962962,,,,,,,Mean across five budgets
METHOD_SCENARIO,3,Scenario 3: Cross-Geometry,Medoid,medoid,,,,5,0.8840076467503449,0.8682848243293243,0.9005642165914961,,0.9330075733176857,0.9417471091857966,0.9394066145107991,0.8730176475285475,0.9929974991068239,,,,,,,Mean across five budgets
METHOD_SCENARIO,3,Scenario 3: Cross-Geometry,Centroid,centroid,,,,5,0.8746918351703766,0.8695525462299897,0.8799787196663855,,0.9267250547904563,0.9366851997134767,0.93395153121273,0.8583566238121856,0.9950934857687269,,,,,,,Mean across five budgets
METHOD_SCENARIO,3,Scenario 3: Cross-Geometry,Renyi,renyi,,,,5,0.8830040671293136,0.8766181439189465,0.895462642733104,,0.93195505478922,0.941071733124126,0.9386475391995934,0.8693763475205621,0.9945337620578778,,,,,,,Mean across five budgets
BUDGET_ALL_METHODS,,,,,,0.1,10%,15,0.8775236954977679,0.8093946988818117,0.9245155011757722,,0.9350460200806525,0.9458175731290689,0.9369464969743921,0.8901058940438482,0.9799861461174568,,,,,,,Mean across three scenarios and five methods
METHOD_BUDGET,,,FARW,farw,,0.1,10%,3,0.8820623778504602,0.8609511630710617,0.9205439044258971,,0.9303582161849877,0.9485885003458154,0.9391000974713285,0.8709516711473112,0.9897647612226643,,,,,,,Mean across three scenarios
METHOD_BUDGET,,,Medoid,medoid,,0.1,10%,3,0.8833689286566354,0.8542915358936625,0.9100362382538729,,0.9371879213659204,0.949772862764795,0.9407778147862095,0.8937494121926766,0.9806264305391643,,,,,,,Mean across three scenarios
METHOD_BUDGET,,,Centroid,centroid,,0.1,10%,3,0.8978209691418102,0.8738044165254327,0.915639424405867,,0.9474596663301057,0.9533257899992831,0.9474644708021805,0.9128102513597203,0.9821090813004911,,,,,,,Mean across three scenarios
METHOD_BUDGET,,,Renyi,renyi,,0.1,10%,3,0.8850602619068825,0.8540471406259288,0.9245155011757722,,0.9394768931019927,0.9500294124932669,0.9412336399223474,0.897469101298056,0.9814846849059293,,,,,,,Mean across three scenarios
BUDGET_ALL_METHODS,,,,,,0.2,20%,15,0.8843705669489529,0.8375727542101367,0.9191290193488236,,0.9334603217663977,0.9495016062136016,0.9404766649190959,0.8799498788895099,0.9869707646432854,,,,,,,Mean across three scenarios and five methods
METHOD_BUDGET,,,FARW,farw,,0.2,20%,3,0.898869648421641,0.8901068499269129,0.9102638488097814,,0.9473071603376407,0.9546299753351903,0.9479492871530715,0.9094921566539789,0.9851221640213026,,,,,,,Mean across three scenarios
METHOD_BUDGET,,,Medoid,medoid,,0.2,20%,3,0.8889988176713419,0.8588760459587271,0.9191290193488236,,0.9369317567959649,0.9525275269357676,0.9434802953385198,0.8886986167673703,0.9851648968245594,,,,,,,Mean across three scenarios
METHOD_BUDGET,,,Centroid,centroid,,0.2,20%,3,0.8853189666638765,0.8702838697444911,0.9098083029943844,,0.9318383225384691,0.9496162326873211,0.9409151221067924,0.8736938921273746,0.9899827529495637,,,,,,,Mean across three scenarios
METHOD_BUDGET,,,Renyi,renyi,,0.2,20%,3,0.8906308191403569,0.8594673691269211,0.9169624455610456,,0.9394847723910453,0.9532236899816602,0.9444578552633661,0.8949845617397323,0.9839849830423584,,,,,,,Mean across three scenarios
BUDGET_ALL_METHODS,,,,,,0.3,30%,15,0.9017146132007179,0.8412211207637318,0.9250590721116452,,0.9455443644307853,0.9562952938467781,0.9495514557086132,0.9031027930829496,0.9879859357786209,,,,,,,Mean across three scenarios and five methods
METHOD_BUDGET,,,FARW,farw,,0.3,30%,3,0.9058309950369856,0.8878900401765569,0.9159560484804079,,0.9496533830864428,0.9574478741230423,0.9516042592541433,0.911779215133044,0.9875275510398414,,,,,,,Mean across three scenarios
METHOD_BUDGET,,,Medoid,medoid,,0.3,30%,3,0.9137359316653575,0.9005642165914961,0.9250590721116452,,0.9541837836686017,0.9609756066219935,0.9558483010597818,0.9207128882855545,0.9876546790516487,,,,,,,Mean across three scenarios
METHOD_BUDGET,,,Centroid,centroid,,0.3,30%,3,0.8971760189897389,0.8799787196663855,0.9123405579780355,,0.9461703392213565,0.9536214168165591,0.9470019562578058,0.9072876573770928,0.9850530210656202,,,,,,,Mean across three scenarios
METHOD_BUDGET,,,Renyi,renyi,,0.3,30%,3,0.9059703219038662,0.8854986471597055,0.922783590351829,,0.9450584657842964,0.9573339753149069,0.9515869408479418,0.8979842201460424,0.9921327114225504,,,,,,,Mean across three scenarios
BUDGET_ALL_METHODS,,,,,,0.4,40%,15,0.8957405258371308,0.8457890665217129,0.9270239013969955,,0.9419969476383242,0.9531497223417085,0.9462271100302391,0.8959005873636953,0.988093307912953,,,,,,,Mean across three scenarios and five methods
METHOD_BUDGET,,,FARW,farw,,0.4,40%,3,0.8984117909602158,0.8665048136843769,0.916891066364258,,0.9436786588175177,0.9535839154487821,0.9475254793952069,0.8985950074085904,0.9887623102264448,,,,,,,Mean across three scenarios
METHOD_BUDGET,,,Medoid,medoid,,0.4,40%,3,0.9067405563064376,0.8764187933020584,0.9270239013969955,,0.9494430471845213,0.9572943741897912,0.952001604075777,0.9107400383294738,0.9881460560395688,,,,,,,Mean across three scenarios
METHOD_BUDGET,,,Centroid,centroid,,0.4,40%,3,0.8940870408691345,0.8798396236855839,0.9112632145902975,,0.9441709935398764,0.9524253704912573,0.9453617392691742,0.9030231928806551,0.9853187941990978,,,,,,,Mean across three scenarios
METHOD_BUDGET,,,Renyi,renyi,,0.4,40%,3,0.9044097564052339,0.8795752720002668,0.9224980898154359,,0.947106562855655,0.9564102945050575,0.9507905699881165,0.9052498070217466,0.9889633186895633,,,,,,,Mean across three scenarios
BUDGET_ALL_METHODS,,,,,,0.5,50%,15,0.9029311917810656,0.8682848243293243,0.9275414881092747,,0.9471174323816399,0.9560123920756852,0.9499989134277884,0.9060631903963374,0.9881716743669424,,,,,,,Mean across three scenarios and five methods
METHOD_BUDGET,,,FARW,farw,,0.5,50%,3,0.9037525772276817,0.8836249171787321,0.918248960642222,,0.9468802122496948,0.9561799759649803,0.9503457123281918,0.9040642107411252,0.9896962137582642,,,,,,,Mean across three scenarios
METHOD_BUDGET,,,Medoid,medoid,,0.5,50%,3,0.9063522557762005,0.8682848243293243,0.9275414881092747,,0.9493675660379641,0.9571744311587987,0.9517164393083729,0.910691949035996,0.9880431830399321,,,,,,,Mean across three scenarios
METHOD_BUDGET,,,Centroid,centroid,,0.5,50%,3,0.9023169908116445,0.8695525462299897,0.9254820923566969,,0.9453559240857292,0.955037142766381,0.9494131996022006,0.900366680862768,0.9903451673086903,,,,,,,Mean across three scenarios
METHOD_BUDGET,,,Renyi,renyi,,0.5,50%,3,0.8983200281461082,0.8778656298345452,0.9244745923461478,,0.9466459576771167,0.9545211238036382,0.9476732868107905,0.9081935239159945,0.9850983914382389,,,,,,,Mean across three scenarios
FULL_SCENARIO,1,Scenario 1: Intermediate Depth-of-Cut,FULL,full,,1.0,100%,1,0.9252276602500494,0.9252276602500494,0.9252276602500494,,0.9570018886544613,0.96384681337525,0.9619109121458043,0.9227380952380952,0.9912656820708273,,,,,,,FULL Train and FULL Test reference; reported separately
FULL_SCENARIO,2,Scenario 2: Unseen Speed–Feed,FULL,full,,1.0,100%,1,0.9243246795243772,0.9243246795243772,0.9243246795243772,,0.9671428571428571,0.9734920634920635,0.9620716582133317,0.9557142857142857,0.9785714285714285,,,,,,,FULL Train and FULL Test reference; reported separately
FULL_SCENARIO,3,Scenario 3: Cross-Geometry,FULL,full,,1.0,100%,1,0.8775413416788245,0.8775413416788245,0.8775413416788245,,0.9276796313456576,0.937885868267558,0.9351553128151209,0.8576219755649604,0.9977372871263547,,,,,,,FULL Train and FULL Test reference; reported separately
FULL_AGGREGATE,,,FULL,full,,1.0,100%,3,0.9090312271510838,0.8775413416788245,0.9252276602500494,,0.9506081257143253,0.9584082483782905,0.9530459610580856,0.9120247855057805,0.9891914659228702,,,,,,,Mean across the three FULL scenario references; not mixed with reduced-method aggregates
