configuration_index,scenario,scenario_name,method,method_key,budget,retention,K_windows,feature_count,selected_feature_indices_one_based,selected_feature_indices_zero_based,selected_feature_names,classifier,criterion,splitter,min_samples_leaf,random_state,MCC,balanced_accuracy,accuracy,macro_F1,recall_class_0,recall_class_1,precision_class_0,precision_class_1,F1_class_0,F1_class_1,sensitivity,specificity,train_window_count,test_window_count,training_time_seconds,prediction_time_seconds
1,1,Scenario 1: Intermediate Depth-of-Cut,FULL,full,1.0,100%,FULL,3,8;22;33,7;21;32,Peak_to_Peak;Window_to_Record_Energy_Ratio;Spectral_Energy,sklearn.tree.DecisionTreeClassifier,gini,best,1,0,0.9252276602500494,0.9570018886544613,0.96384681337525,0.9619109121458043,0.9227380952380952,0.9912656820708273,0.9860068693550439,0.9505825020939618,0.9533239038189534,0.9704979204726552,0.9912656820708273,0.9227380952380952,34903,20994,0.1735467000398785,0.002483299991581589
10,1,Scenario 1: Intermediate Depth-of-Cut,FARW,farw,0.1,10%,35,3,8;22;33,7;21;32,Peak_to_Peak;Window_to_Record_Energy_Ratio;Spectral_Energy,sklearn.tree.DecisionTreeClassifier,gini,best,1,0,0.9205439044258971,0.9542438576192744,0.961560445841669,0.9594671246984001,0.9176190476190477,0.9908686676195013,0.985299757126422,0.9474603295118063,0.9502558096529619,0.9686784397438385,0.9908686676195013,0.9176190476190477,3500,20994,0.020107899967115372,0.002430399996228516
19,1,Scenario 1: Intermediate Depth-of-Cut,FARW,farw,0.2,20%,70,3,8;22;33,7;21;32,Peak_to_Peak;Window_to_Record_Energy_Ratio;Spectral_Energy,sklearn.tree.DecisionTreeClassifier,gini,best,1,0,0.9102638488097814,0.947517950724835,0.9564161188911118,0.9538953047026273,0.9029761904761905,0.9920597109734794,0.9869876382563435,0.9387632429183259,0.943114703139571,0.9646759062656836,0.9920597109734794,0.9029761904761905,7000,20994,0.023846200027037412,0.0015189999830909073
28,1,Scenario 1: Intermediate Depth-of-Cut,FARW,farw,0.3,30%,105,3,8;22;33,7;21;32,Peak_to_Peak;Window_to_Record_Energy_Ratio;Spectral_Energy,sklearn.tree.DecisionTreeClassifier,gini,best,1,0,0.9159560484804079,0.9509902107579573,0.9592264456511385,0.9569236911472159,0.9097619047619048,0.9922185167540098,0.9873385012919896,0.9428097178210352,0.9469640644361834,0.9668833178582482,0.9922185167540098,0.9097619047619048,10500,20994,0.03961330000311136,0.0019456999725662172
37,1,Scenario 1: Intermediate Depth-of-Cut,FARW,farw,0.4,40%,140,3,8;22;33,7;21;32,Peak_to_Peak;Window_to_Record_Energy_Ratio;Spectral_Energy,sklearn.tree.DecisionTreeClassifier,gini,best,1,0,0.9118394928320125,0.9483910422196511,0.9571782414023055,0.9547100378259707,0.9044047619047619,0.9923773225345403,0.9875211230989211,0.9396285993534321,0.9441372025104082,0.9652828731415332,0.9923773225345403,0.9044047619047619,14000,20994,0.06100230000447482,0.001698699954431504
46,1,Scenario 1: Intermediate Depth-of-Cut,FARW,farw,0.5,50%,175,3,8;22;33,7;21;32,Peak_to_Peak;Window_to_Record_Energy_Ratio;Spectral_Energy,sklearn.tree.DecisionTreeClassifier,gini,best,1,0,0.9093838538620908,0.9467641337144672,0.9559397923216157,0.9533627794482277,0.9008333333333334,0.9926949340956011,0.987987987987988,0.9375328083989501,0.9423999003673952,0.9643256585290602,0.9926949340956011,0.9008333333333334,17500,20994,0.1656275999848731,0.0018412999925203621
55,1,Scenario 1: Intermediate Depth-of-Cut,Medoid,medoid,0.1,10%,35,3,8;22;33,7;21;32,Peak_to_Peak;Window_to_Record_Energy_Ratio;Spectral_Energy,sklearn.tree.DecisionTreeClassifier,gini,best,1,0,0.9100362382538729,0.9499762642074457,0.9567019148328094,0.95442654258056,0.9163095238095238,0.9836430046053677,0.9739339491332405,0.9462989840348331,0.9442433907869717,0.9646096943741483,0.9836430046053677,0.9163095238095238,3500,20994,0.010222000011708587,0.0014976999955251813
64,1,Scenario 1: Intermediate Depth-of-Cut,Medoid,medoid,0.2,20%,70,3,8;22;33,7;21;32,Peak_to_Peak;Window_to_Record_Energy_Ratio;Spectral_Energy,sklearn.tree.DecisionTreeClassifier,gini,best,1,0,0.9191290193488236,0.9550361850314208,0.961084119272173,0.9590846292467062,0.9247619047619048,0.9853104653009369,0.9767383377341884,0.9515374587838356,0.9500397480584603,0.9681295104349522,0.9853104653009369,0.9247619047619048,7000,20994,0.042681399965658784,0.0028791000368073583
73,1,Scenario 1: Intermediate Depth-of-Cut,Medoid,medoid,0.3,30%,105,3,8;22;33,7;21;32,Peak_to_Peak;Window_to_Record_Energy_Ratio;Spectral_Energy,sklearn.tree.DecisionTreeClassifier,gini,best,1,0,0.9155845062929312,0.9515848249733434,0.9591788129941888,0.9569380660173236,0.9135714285714286,0.9895982213752581,0.9832158872517617,0.944954128440367,0.9471150879358223,0.9667610440988248,0.9895982213752581,0.9135714285714286,10500,20994,0.03198209998663515,0.001832700043451041
82,1,Scenario 1: Intermediate Depth-of-Cut,Medoid,medoid,0.4,40%,140,3,8;22;33,7;21;32,Peak_to_Peak;Window_to_Record_Energy_Ratio;Spectral_Energy,sklearn.tree.DecisionTreeClassifier,gini,best,1,0,0.9167789742202588,0.9516250368656276,0.9596551395636849,0.9573953962966519,0.9114285714285715,0.9918215023026838,0.9867250934398762,0.9437854174537212,0.9475833900612661,0.9672074025320376,0.9918215023026838,0.9114285714285715,14000,20994,0.05331809999188408,0.0015676000039093196
91,1,Scenario 1: Intermediate Depth-of-Cut,Medoid,medoid,0.5,50%,175,3,8;22;33,7;21;32,Peak_to_Peak;Window_to_Record_Energy_Ratio;Spectral_Energy,sklearn.tree.DecisionTreeClassifier,gini,best,1,0,0.9275414881092747,0.9581330679008144,0.964942364485091,0.9630642910906722,0.924047619047619,0.9922185167540098,0.9875318066157761,0.9514237855946399,0.9547355473554735,0.9713930348258707,0.9922185167540098,0.924047619047619,17500,20994,0.0801659999997355,0.001948899996932596
100,1,Scenario 1: Intermediate Depth-of-Cut,Centroid,centroid,0.1,10%,35,3,8;22;33,7;21;32,Peak_to_Peak;Window_to_Record_Energy_Ratio;Spectral_Energy,sklearn.tree.DecisionTreeClassifier,gini,best,1,0,0.9040190664941309,0.9465831801991877,0.9537963227588835,0.9513277497549129,0.9104761904761904,0.9826901699221852,0.9722857869310959,0.9427178549664839,0.940366408459363,0.9622890910504627,0.9826901699221852,0.9104761904761904,3500,20994,0.014974400051869452,0.0023548000026494265
109,1,Scenario 1: Intermediate Depth-of-Cut,Centroid,centroid,0.2,20%,70,3,8;22;33,7;21;32,Peak_to_Peak;Window_to_Record_Energy_Ratio;Spectral_Energy,sklearn.tree.DecisionTreeClassifier,gini,best,1,0,0.9098083029943844,0.9469229394949976,0.9561303229494141,0.9535600489693496,0.9008333333333334,0.9930125456566619,0.9885042455911169,0.937551540595247,0.9426346932419807,0.9644854046967185,0.9930125456566619,0.9008333333333334,7000,20994,0.02302730001974851,0.0016374000115320086
118,1,Scenario 1: Intermediate Depth-of-Cut,Centroid,centroid,0.3,30%,105,3,8;22;33,7;21;32,Peak_to_Peak;Window_to_Record_Energy_Ratio;Spectral_Energy,sklearn.tree.DecisionTreeClassifier,gini,best,1,0,0.9123405579780355,0.9489067639919235,0.9574640373440031,0.9550355222679567,0.9060714285714285,0.9917420994124186,0.9865197666882696,0.9405828752165073,0.9445857896369841,0.9654852548989293,0.9917420994124186,0.9060714285714285,10500,20994,0.03536290000192821,0.0015150999533943832
127,1,Scenario 1: Intermediate Depth-of-Cut,Centroid,centroid,0.4,40%,140,3,8;22;33,7;21;32,Peak_to_Peak;Window_to_Record_Energy_Ratio;Spectral_Energy,sklearn.tree.DecisionTreeClassifier,gini,best,1,0,0.9112632145902975,0.9480338993625081,0.9568924454606078,0.9544013297045986,0.9036904761904762,0.9923773225345403,0.9875113828541694,0.939204929736229,0.9437433952881208,0.9650592641210765,0.9923773225345403,0.9036904761904762,14000,20994,0.05670559999998659,0.0016382000176236033
136,1,Scenario 1: Intermediate Depth-of-Cut,Centroid,centroid,0.5,50%,175,3,8;22;33,7;21;32,Peak_to_Peak;Window_to_Record_Energy_Ratio;Spectral_Energy,sklearn.tree.DecisionTreeClassifier,gini,best,1,0,0.9119163338482469,0.9484902107579574,0.9572258740592551,0.9547657331175634,0.9047619047619048,0.9922185167540098,0.9872694206287347,0.9398315282791817,0.9442166728786184,0.9653147933565083,0.9922185167540098,0.9047619047619048,17500,20994,0.05848930001957342,0.0018369000172242522
145,1,Scenario 1: Intermediate Depth-of-Cut,Renyi,renyi,0.1,10%,35,3,8;22;33,7;21;32,Peak_to_Peak;Window_to_Record_Energy_Ratio;Spectral_Energy,sklearn.tree.DecisionTreeClassifier,gini,best,1,0,0.9245155011757722,0.9573980523605345,0.963608650090502,0.9617159161600739,0.9263095238095238,0.9884865809115452,0.9817057784506686,0.9526323844505663,0.9532034791130711,0.9702283532070766,0.9884865809115452,0.9263095238095238,3500,20994,0.0341846999945119,0.0029950999887660146
154,1,Scenario 1: Intermediate Depth-of-Cut,Renyi,renyi,0.2,20%,70,3,8;22;33,7;21;32,Peak_to_Peak;Window_to_Record_Energy_Ratio;Spectral_Energy,sklearn.tree.DecisionTreeClassifier,gini,best,1,0,0.9169624455610456,0.9533896243108964,0.9599885681623321,0.9578849702406668,0.9203571428571429,0.9864221057646498,0.9783599088838268,0.9489000916590284,0.9484725800515275,0.9672973604298061,0.9864221057646498,0.9203571428571429,7000,20994,0.041882699995767325,0.0035235999966971576
163,1,Scenario 1: Intermediate Depth-of-Cut,Renyi,renyi,0.3,30%,105,3,8;22;33,7;21;32,Peak_to_Peak;Window_to_Record_Energy_Ratio;Spectral_Energy,sklearn.tree.DecisionTreeClassifier,gini,best,1,0,0.9096287282000641,0.9463082193334694,0.9559397923216157,0.9533116349703114,0.8980952380952381,0.9945212005717008,0.9909365558912386,0.9360286974067707,0.9422344345219509,0.9643888354186718,0.9945212005717008,0.8980952380952381,10500,20994,0.08467650000238791,0.004084200016222894
172,1,Scenario 1: Intermediate Depth-of-Cut,Renyi,renyi,0.4,40%,140,3,8;22;33,7;21;32,Peak_to_Peak;Window_to_Record_Energy_Ratio;Spectral_Energy,sklearn.tree.DecisionTreeClassifier,gini,best,1,0,0.911155907399999,0.9488070850064656,0.956987710774507,0.9545743514131424,0.9078571428571428,0.9897570271557885,0.9833655705996132,0.9415363698164514,0.9441039925719591,0.9650447102543258,0.9897570271557885,0.9078571428571428,14000,20994,0.09743649995652959,0.0029972000047564507
181,1,Scenario 1: Intermediate Depth-of-Cut,Renyi,renyi,0.5,50%,175,3,8;22;33,7;21;32,Peak_to_Peak;Window_to_Record_Energy_Ratio;Spectral_Energy,sklearn.tree.DecisionTreeClassifier,gini,best,1,0,0.9244745923461478,0.9564662310850972,0.9634657521196532,0.9614972311772795,0.9214285714285714,0.991503890741623,0.9863642156238053,0.9497984331026089,0.9527912845448391,0.9702031778097199,0.991503890741623,0.9214285714285714,17500,20994,0.08974610001314431,0.0024369999882765114
235,2,Scenario 2: Unseen Speed–Feed,FULL,full,1.0,100%,FULL,3,8;22;33,7;21;32,Peak_to_Peak;Window_to_Record_Energy_Ratio;Spectral_Energy,sklearn.tree.DecisionTreeClassifier,gini,best,1,0,0.9243246795243772,0.9671428571428571,0.9734920634920635,0.9620716582133317,0.9557142857142857,0.9785714285714285,0.9272349272349273,0.9872349186740786,0.9412592332043616,0.9828840832223019,0.9785714285714285,0.9557142857142857,43297,12600,0.3623764999792911,0.006743900012224913
244,2,Scenario 2: Unseen Speed–Feed,FARW,farw,0.1,10%,35,3,8;22;33,7;21;32,Peak_to_Peak;Window_to_Record_Energy_Ratio;Spectral_Energy,sklearn.tree.DecisionTreeClassifier,gini,best,1,0,0.8609511630710617,0.9166836734693877,0.952936507936508,0.9297478445188299,0.8514285714285714,0.981938775510204,0.930886372510738,0.9585616097220838,0.889386308524529,0.9701093805131307,0.981938775510204,0.8514285714285714,4340,12600,0.03168459999142215,0.0025591999874450266
253,2,Scenario 2: Unseen Speed–Feed,FARW,farw,0.2,20%,70,3,8;22;33,7;21;32,Peak_to_Peak;Window_to_Record_Energy_Ratio;Spectral_Energy,sklearn.tree.DecisionTreeClassifier,gini,best,1,0,0.8962382465282287,0.9588265306122449,0.962936507936508,0.9476736624679113,0.9514285714285714,0.9662244897959184,0.889482470784641,0.9858407079646018,0.9194132873166523,0.9759340376191703,0.9662244897959184,0.9514285714285714,8680,12600,0.06295990000944585,0.002438099996652454
262,2,Scenario 2: Unseen Speed–Feed,FARW,farw,0.3,30%,105,3,8;22;33,7;21;32,Peak_to_Peak;Window_to_Record_Energy_Ratio;Spectral_Energy,sklearn.tree.DecisionTreeClassifier,gini,best,1,0,0.9136468964539921,0.9633673469387756,0.9696031746031746,0.9566636156623609,0.9521428571428572,0.9745918367346939,0.9145797598627787,0.9861641713990708,0.9329833770778653,0.9803438542468565,0.9745918367346939,0.9521428571428572,13020,12600,0.10287689999677241,0.0031337999971583486
271,2,Scenario 2: Unseen Speed–Feed,FARW,farw,0.4,40%,140,3,8;22;33,7;21;32,Peak_to_Peak;Window_to_Record_Energy_Ratio;Spectral_Energy,sklearn.tree.DecisionTreeClassifier,gini,best,1,0,0.916891066364258,0.960765306122449,0.9711111111111111,0.958425792977418,0.9421428571428572,0.9793877551020408,0.9288732394366197,0.9834016393442623,0.9354609929078014,0.9813905930470348,0.9793877551020408,0.9421428571428572,17360,12600,0.1288168999599293,0.003023400029633194
280,2,Scenario 2: Unseen Speed–Feed,FARW,farw,0.5,50%,175,3,8;22;33,7;21;32,Peak_to_Peak;Window_to_Record_Energy_Ratio;Spectral_Energy,sklearn.tree.DecisionTreeClassifier,gini,best,1,0,0.918248960642222,0.9624234693877551,0.9715079365079365,0.9590845263628698,0.9460714285714286,0.9787755102040816,0.9271963598179909,0.9845016935235553,0.936538801484886,0.9816302512408535,0.9787755102040816,0.9460714285714286,21700,12600,0.1469645999604836,0.0021449000341817737
289,2,Scenario 2: Unseen Speed–Feed,Medoid,medoid,0.1,10%,35,3,8;22;33,7;21;32,Peak_to_Peak;Window_to_Record_Energy_Ratio;Spectral_Energy,sklearn.tree.DecisionTreeClassifier,gini,best,1,0,0.8542915358936625,0.9267091836734693,0.9496825396825397,0.9271450034408308,0.8853571428571428,0.9680612244897959,0.8878939828080229,0.9672716150081566,0.8866237482117311,0.9676662586699306,0.9680612244897959,0.8853571428571428,4340,12600,0.03812949999701232,0.0021132000256329775
298,2,Scenario 2: Unseen Speed–Feed,Medoid,medoid,0.2,20%,70,3,8;22;33,7;21;32,Peak_to_Peak;Window_to_Record_Energy_Ratio;Spectral_Energy,sklearn.tree.DecisionTreeClassifier,gini,best,1,0,0.8588760459587271,0.919438775510204,0.9520634920634921,0.9290504983245983,0.8607142857142858,0.9781632653061224,0.9184451219512195,0.960906174819567,0.8886430678466076,0.969457928802589,0.9781632653061224,0.8607142857142858,8680,12600,0.07578920002561063,0.002896799996960908
307,2,Scenario 2: Unseen Speed–Feed,Medoid,medoid,0.3,30%,105,3,8;22;33,7;21;32,Peak_to_Peak;Window_to_Record_Energy_Ratio;Spectral_Energy,sklearn.tree.DecisionTreeClassifier,gini,best,1,0,0.9250590721116452,0.9686479591836734,0.9736507936507937,0.9623923756852792,0.9596428571428571,0.9776530612244898,0.9246386785960082,0.9883433051371983,0.9418156326673677,0.9829691187031907,0.9776530612244898,0.9596428571428571,13020,12600,0.0640508999931626,0.002513999992515892
316,2,Scenario 2: Unseen Speed–Feed,Medoid,medoid,0.4,40%,140,3,8;22;33,7;21;32,Peak_to_Peak;Window_to_Record_Energy_Ratio;Spectral_Energy,sklearn.tree.DecisionTreeClassifier,gini,best,1,0,0.9270239013969955,0.9683928571428572,0.9744444444444444,0.963425235527348,0.9575,0.9792857142857143,0.9296116504854369,0.9877521613832853,0.9433497536945813,0.9835007173601148,0.9792857142857143,0.9575,17360,12600,0.1168206000002101,0.0023469000007025898
325,2,Scenario 2: Unseen Speed–Feed,Medoid,medoid,0.5,50%,175,3,8;22;33,7;21;32,Peak_to_Peak;Window_to_Record_Energy_Ratio;Spectral_Energy,sklearn.tree.DecisionTreeClassifier,gini,best,1,0,0.9232304548900023,0.9667602040816327,0.9730952380952381,0.9615182529420172,0.9553571428571429,0.9781632653061224,0.9259259259259259,0.987127999176192,0.9404113200914045,0.9826251857926298,0.9781632653061224,0.9553571428571429,21700,12600,0.12666160002117977,0.001821999961975962
334,2,Scenario 2: Unseen Speed–Feed,Centroid,centroid,0.1,10%,35,3,8;22;33,7;21;32,Peak_to_Peak;Window_to_Record_Energy_Ratio;Spectral_Energy,sklearn.tree.DecisionTreeClassifier,gini,best,1,0,0.915639424405867,0.9690816326530612,0.9697619047619047,0.9573407405196381,0.9678571428571429,0.9703061224489796,0.903032322559147,0.9906240233357642,0.9343216686778142,0.980359812361462,0.9703061224489796,0.9678571428571429,4340,12600,0.02446419995976612,0.0018598000169731677
343,2,Scenario 2: Unseen Speed–Feed,Centroid,centroid,0.2,20%,70,3,8;22;33,7;21;32,Peak_to_Peak;Window_to_Record_Energy_Ratio;Spectral_Energy,sklearn.tree.DecisionTreeClassifier,gini,best,1,0,0.875864727252754,0.9234693877551021,0.957936507936508,0.9371514791650659,0.8614285714285714,0.9855102040816327,0.9444009397024276,0.9613776627513438,0.9010085917071349,0.9732943666229971,0.9855102040816327,0.8614285714285714,8680,12600,0.05016430001705885,0.0018708999850787222
352,2,Scenario 2: Unseen Speed–Feed,Centroid,centroid,0.3,30%,105,3,8;22;33,7;21;32,Peak_to_Peak;Window_to_Record_Energy_Ratio;Spectral_Energy,sklearn.tree.DecisionTreeClassifier,gini,best,1,0,0.8992087793247956,0.9599234693877552,0.964047619047619,0.9491931101627479,0.9525,0.9673469387755103,0.8928690994308671,0.9861645688130657,0.9217210990150337,0.976665121310462,0.9673469387755103,0.9525,13020,12600,0.07262389996321872,0.0019271000055596232
361,2,Scenario 2: Unseen Speed–Feed,Centroid,centroid,0.4,40%,140,3,8;22;33,7;21;32,Peak_to_Peak;Window_to_Record_Energy_Ratio;Spectral_Energy,sklearn.tree.DecisionTreeClassifier,gini,best,1,0,0.8911582843315222,0.9553316326530612,0.9612698412698413,0.94520778216308,0.9446428571428571,0.9660204081632653,0.8881799865681665,0.9838910829349408,0.9155417099342333,0.9748738543919266,0.9660204081632653,0.9446428571428571,17360,12600,0.15171169996028766,0.002990800014231354
370,2,Scenario 2: Unseen Speed–Feed,Centroid,centroid,0.5,50%,175,3,8;22;33,7;21;32,Peak_to_Peak;Window_to_Record_Energy_Ratio;Spectral_Energy,sklearn.tree.DecisionTreeClassifier,gini,best,1,0,0.9254820923566969,0.9646173469387755,0.9741269841269842,0.9627283122258976,0.9475,0.981734693877551,0.9367937853107344,0.98495085995086,0.9421164772727273,0.9833401471790678,0.981734693877551,0.9475,21700,12600,0.1214433999848552,0.0023979999823495746
379,2,Scenario 2: Unseen Speed–Feed,Renyi,renyi,0.1,10%,35,3,8;22;33,7;21;32,Peak_to_Peak;Window_to_Record_Energy_Ratio;Spectral_Energy,sklearn.tree.DecisionTreeClassifier,gini,best,1,0,0.8540471406259288,0.932984693877551,0.9487301587301588,0.926878078817734,0.9046428571428572,0.9613265306122449,0.8698489010989011,0.972440132122213,0.8869047619047619,0.9668513957307061,0.9613265306122449,0.9046428571428572,4340,12600,0.01688579999608919,0.0011993999942205846
388,2,Scenario 2: Unseen Speed–Feed,Renyi,renyi,0.2,20%,70,3,8;22;33,7;21;32,Peak_to_Peak;Window_to_Record_Energy_Ratio;Spectral_Energy,sklearn.tree.DecisionTreeClassifier,gini,best,1,0,0.8594673691269211,0.9248214285714286,0.9519047619047619,0.9296389422450312,0.8760714285714286,0.9735714285714285,0.9044985250737463,0.9649069579288025,0.8900580551523948,0.9692198293376676,0.9735714285714285,0.8760714285714286,8680,12600,0.04037649999372661,0.0016791000380180776
397,2,Scenario 2: Unseen Speed–Feed,Renyi,renyi,0.3,30%,105,3,8;22;33,7;21;32,Peak_to_Peak;Window_to_Record_Energy_Ratio;Spectral_Energy,sklearn.tree.DecisionTreeClassifier,gini,best,1,0,0.922783590351829,0.9550765306122448,0.9735714285714285,0.9612500949514899,0.9217857142857143,0.9883673469387755,0.9576994434137291,0.9778899545683998,0.9393994540491356,0.9831007358538442,0.9883673469387755,0.9217857142857143,13020,12600,0.12318990001222119,0.0034190999576821923
406,2,Scenario 2: Unseen Speed–Feed,Renyi,renyi,0.4,40%,140,3,8;22;33,7;21;32,Peak_to_Peak;Window_to_Record_Energy_Ratio;Spectral_Energy,sklearn.tree.DecisionTreeClassifier,gini,best,1,0,0.9224980898154359,0.9630612244897959,0.9730952380952381,0.9612371158944077,0.945,0.9811224489795919,0.9346520664076298,0.9842358480908998,0.9397975492807672,0.9826766825080484,0.9811224489795919,0.945,17360,12600,0.1847870999481529,0.002543700044043362
415,2,Scenario 2: Unseen Speed–Feed,Renyi,renyi,0.5,50%,175,3,8;22;33,7;21;32,Peak_to_Peak;Window_to_Record_Energy_Ratio;Spectral_Energy,sklearn.tree.DecisionTreeClassifier,gini,best,1,0,0.8926198622576317,0.9552295918367346,0.9619047619047619,0.9460008466295833,0.9432142857142857,0.9672448979591837,0.8916272788656313,0.9835028014110812,0.9166955918083999,0.9753061014507666,0.9672448979591837,0.9432142857142857,21700,12600,0.18667539994930848,0.0032226000330410898
469,3,Scenario 3: Cross-Geometry,FULL,full,1.0,100%,FULL,3,8;22;33,7;21;32,Peak_to_Peak;Window_to_Record_Energy_Ratio;Spectral_Energy,sklearn.tree.DecisionTreeClassifier,gini,best,1,0,0.8775413416788245,0.9276796313456576,0.937885868267558,0.9351553128151209,0.8576219755649604,0.9977372871263547,0.9964742994989794,0.9038243702465074,0.9218488476889404,0.9484617779413014,0.9977372871263547,0.8576219755649604,26580,29317,0.07291070000019317,0.0031340000000454893
478,3,Scenario 3: Cross-Geometry,FARW,farw,0.1,10%,35,3,8;22;33,7;21;32,Peak_to_Peak;Window_to_Record_Energy_Ratio;Spectral_Energy,sklearn.tree.DecisionTreeClassifier,gini,best,1,0,0.8646920660544217,0.920147117466301,0.9312685472592693,0.9280853231967556,0.8438073943943145,0.9964868405382875,0.9944475814041032,0.8953507035471617,0.9129552032485204,0.9432154431449908,0.9964868405382875,0.8438073943943145,2660,29317,0.010725000000093132,0.0029580000000350992
487,3,Scenario 3: Cross-Geometry,FARW,farw,0.2,20%,70,3,8;22;33,7;21;32,Peak_to_Peak;Window_to_Record_Energy_Ratio;Spectral_Energy,sklearn.tree.DecisionTreeClassifier,gini,best,1,0,0.8901068499269129,0.9355769996758424,0.9445372991779514,0.942278894288676,0.8740717080571748,0.99708229129451,0.995543428831287,0.9139286104137103,0.9308614678118887,0.9536963207654631,0.99708229129451,0.8740717080571748,5320,29317,0.0186399999997775,0.0026298000002498156
496,3,Scenario 3: Cross-Geometry,FARW,farw,0.3,30%,105,3,8;22;33,7;21;32,Peak_to_Peak;Window_to_Record_Energy_Ratio;Spectral_Energy,sklearn.tree.DecisionTreeClassifier,gini,best,1,0,0.8878900401765569,0.9346025915625954,0.943514002114814,0.941225470952853,0.8734328834943703,0.9957722996308205,0.993550731219911,0.9134258247760542,0.9296277409484957,0.9528232009572104,0.9957722996308205,0.8734328834943703,7980,29317,0.026293700000223907,0.0018844999999600986
505,3,Scenario 3: Cross-Geometry,FARW,farw,0.4,40%,140,3,8;22;33,7;21;32,Peak_to_Peak;Window_to_Record_Energy_Ratio;Spectral_Energy,sklearn.tree.DecisionTreeClassifier,gini,best,1,0,0.8665048136843769,0.9218796281104528,0.9324623938329297,0.9294406073822321,0.8492374031781522,0.9945218530427533,0.9914235107672229,0.8984400215169446,0.9148387096774193,0.944042505087045,0.9945218530427533,0.8492374031781522,10640,29317,0.029803000000356406,0.0019072999998570594
514,3,Scenario 3: Cross-Geometry,FARW,farw,0.5,50%,175,3,8;22;33,7;21;32,Peak_to_Peak;Window_to_Record_Energy_Ratio;Spectral_Energy,sklearn.tree.DecisionTreeClassifier,gini,best,1,0,0.8836249171787321,0.9314530336468619,0.9410921990653887,0.9385898311734779,0.8652878703186138,0.9976181969751101,0.9963221772710555,0.9085190607884605,0.9261934270695329,0.950986235277423,0.9976181969751101,0.8652878703186138,13300,29317,0.036068299999897135,0.0034899000002042158
523,3,Scenario 3: Cross-Geometry,Medoid,medoid,0.1,10%,35,3,8;22;33,7;21;32,Peak_to_Peak;Window_to_Record_Energy_Ratio;Spectral_Energy,sklearn.tree.DecisionTreeClassifier,gini,best,1,0,0.8857790118223707,0.9348783162168463,0.942934133779036,0.9407618983372374,0.879581569911363,0.9901750625223295,0.9852415026833632,0.9168550476925622,0.9294182171033203,0.9521055795711546,0.9901750625223295,0.879581569911363,2660,29317,0.009653200000229845,0.002070399999865913
532,3,Scenario 3: Cross-Geometry,Medoid,medoid,0.2,20%,70,3,8;22;33,7;21;32,Peak_to_Peak;Window_to_Record_Energy_Ratio;Spectral_Energy,sklearn.tree.DecisionTreeClassifier,gini,best,1,0,0.888991387706475,0.9363203098462696,0.9444349694716376,0.9423057584442551,0.8806196598259203,0.992020959866619,0.987994982977961,0.9176535389699807,0.931222292590247,0.9533892242982632,0.992020959866619,0.8806196598259203,5320,29317,0.021622100000058708,0.0023979000002327666
541,3,Scenario 3: Cross-Geometry,Medoid,medoid,0.3,30%,105,3,8;22;33,7;21;32,Peak_to_Peak;Window_to_Record_Energy_Ratio;Spectral_Energy,sklearn.tree.DecisionTreeClassifier,gini,best,1,0,0.9005642165914961,0.9423185668487881,0.950097213220998,0.9482144614767427,0.888924379142378,0.9957127545551983,0.9935737236701179,0.9232043283829294,0.9383402874362541,0.9580886355172314,0.9957127545551983,0.888924379142378,7980,29317,0.024309400000220194,0.0028474000000642263
550,3,Scenario 3: Cross-Geometry,Medoid,medoid,0.4,40%,140,3,8;22;33,7;21;32,Peak_to_Peak;Window_to_Record_Energy_Ratio;Spectral_Energy,sklearn.tree.DecisionTreeClassifier,gini,best,1,0,0.8764187933020584,0.9283112475450792,0.9377835385612443,0.9351841804033312,0.8632915435598498,0.9933309515303085,0.9897464066648357,0.9069261715776884,0.9222042139384117,0.9481641468682506,0.9933309515303085,0.8632915435598498,10640,29317,0.02940420000004451,0.0018199999999524152
559,3,Scenario 3: Cross-Geometry,Medoid,medoid,0.5,50%,175,3,8;22;33,7;21;32,Peak_to_Peak;Window_to_Record_Energy_Ratio;Spectral_Energy,sklearn.tree.DecisionTreeClassifier,gini,best,1,0,0.8682848243293243,0.9232094261314452,0.9334856908960671,0.9305667738924293,0.8526710852032261,0.9937477670596642,0.9902624501530186,0.9004532211071544,0.9163305586544237,0.9448029891304348,0.9937477670596642,0.8526710852032261,13300,29317,0.03489369999988412,0.0018655999997463368
568,3,Scenario 3: Cross-Geometry,Centroid,centroid,0.1,10%,35,3,8;22;33,7;21;32,Peak_to_Peak;Window_to_Record_Energy_Ratio;Spectral_Energy,sklearn.tree.DecisionTreeClassifier,gini,best,1,0,0.8738044165254327,0.9267141861380681,0.936419142477061,0.9337249221319905,0.8600974207458276,0.9933309515303085,0.9897087200220528,0.9049582293587936,0.9203623002648893,0.9470875439990917,0.9933309515303085,0.8600974207458276,2660,29317,0.006968400000005204,0.002359100000376202
577,3,Scenario 3: Cross-Geometry,Centroid,centroid,0.2,20%,70,3,8;22;33,7;21;32,Peak_to_Peak;Window_to_Record_Energy_Ratio;Spectral_Energy,sklearn.tree.DecisionTreeClassifier,gini,best,1,0,0.8702838697444911,0.9251226403653077,0.9347818671760412,0.9320338381859616,0.8588197716202188,0.9914255091103966,0.9867877786952931,0.9040069497230969,0.9183673469387755,0.9457003294331477,0.9914255091103966,0.8588197716202188,5320,29317,0.012648700000227109,0.0017739999998411804
586,3,Scenario 3: Cross-Geometry,Centroid,centroid,0.3,30%,105,3,8;22;33,7;21;32,Peak_to_Peak;Window_to_Record_Energy_Ratio;Spectral_Energy,sklearn.tree.DecisionTreeClassifier,gini,best,1,0,0.8799787196663855,0.9296807842843908,0.939352594058055,0.9367772363427129,0.8632915435598498,0.9960700250089317,0.9939321504091202,0.9071583514099784,0.924017094017094,0.9495373786683318,0.9960700250089317,0.8632915435598498,7980,29317,0.020561799999995856,0.0034725000000435102
595,3,Scenario 3: Cross-Geometry,Centroid,centroid,0.4,40%,140,3,8;22;33,7;21;32,Peak_to_Peak;Window_to_Record_Energy_Ratio;Spectral_Energy,sklearn.tree.DecisionTreeClassifier,gini,best,1,0,0.8798396236855839,0.9291474486040601,0.939113824743323,0.9364761059398442,0.8607362453086321,0.9975586518994879,0.9962107208872458,0.9057144401794885,0.9235316797326821,0.9494205321470063,0.9975586518994879,0.8607362453086321,10640,29317,0.03004480000026888,0.0020607999999811
604,3,Scenario 3: Cross-Geometry,Centroid,centroid,0.5,50%,175,3,8;22;33,7;21;32,Peak_to_Peak;Window_to_Record_Energy_Ratio;Spectral_Energy,sklearn.tree.DecisionTreeClassifier,gini,best,1,0,0.8695525462299897,0.9229602145604547,0.9337585701129038,0.9307455534631408,0.8488381378263994,0.99708229129451,0.9954115553890813,0.8984333082948814,0.9163003189380226,0.9451907879882592,0.99708229129451,0.8488381378263994,13300,29317,0.038551400000415015,0.0027128000001539476
613,3,Scenario 3: Cross-Geometry,Renyi,renyi,0.1,10%,35,3,8;22;33,7;21;32,Peak_to_Peak;Window_to_Record_Energy_Ratio;Spectral_Energy,sklearn.tree.DecisionTreeClassifier,gini,best,1,0,0.8766181439189465,0.9280479330678926,0.9377494286591398,0.9351069247892345,0.8614549229417872,0.9946409431939979,0.9917264202978489,0.905905960193069,0.9220118798341951,0.9482019697442738,0.9946409431939979,0.8614549229417872,2660,29317,0.010117600000285165,0.0038208000000850006
622,3,Scenario 3: Cross-Geometry,Renyi,renyi,0.2,20%,70,3,8;22;33,7;21;32,Peak_to_Peak;Window_to_Record_Energy_Ratio;Spectral_Energy,sklearn.tree.DecisionTreeClassifier,gini,best,1,0,0.895462642733104,0.940243264290811,0.9477777398778866,0.9458496533044003,0.8885251137906253,0.9919614147909968,0.9880127863612147,0.9226806978676267,0.9356317006516712,0.9560676059571294,0.9919614147909968,0.8885251137906253,5320,29317,0.0189394999997603,0.0019354999999450229
631,3,Scenario 3: Cross-Geometry,Renyi,renyi,0.3,30%,105,3,8;22;33,7;21;32,Peak_to_Peak;Window_to_Record_Energy_Ratio;Spectral_Energy,sklearn.tree.DecisionTreeClassifier,gini,best,1,0,0.8854986471597055,0.933790647407175,0.9424907050516765,0.9401990926220241,0.8740717080571748,0.9935095867571752,0.9901402080506558,0.9136458219253094,0.9284926626516244,0.9519055225924236,0.9935095867571752,0.8740717080571748,7980,29317,0.026153100000101404,0.00182730000005904
640,3,Scenario 3: Cross-Geometry,Renyi,renyi,0.4,40%,140,3,8;22;33,7;21;32,Peak_to_Peak;Window_to_Record_Energy_Ratio;Spectral_Energy,sklearn.tree.DecisionTreeClassifier,gini,best,1,0,0.8795752720002668,0.9294513790707033,0.9391479346454276,0.9365602426567994,0.8628922782080971,0.9960104799333095,0.993837947208682,0.9069073953589243,0.9237476491707984,0.9493728361428004,0.9960104799333095,0.8628922782080971,10640,29317,0.034880600000178674,0.0033316999997623498
649,3,Scenario 3: Cross-Geometry,Renyi,renyi,0.5,50%,175,3,8;22;33,7;21;32,Peak_to_Peak;Window_to_Record_Energy_Ratio;Spectral_Energy,sklearn.tree.DecisionTreeClassifier,gini,best,1,0,0.8778656298345452,0.9282420501095181,0.9381928573864993,0.9355217826255089,0.8599377146051266,0.9965463856139097,0.9946430220744436,0.905137912385073,0.9223982869379015,0.9486452783131164,0.9965463856139097,0.8599377146051266,13300,29317,0.035335399999894435,0.0019308000000819447
