scenario,scenario_name,retention,budget,K_windows,seed_count,seed_set,mean_MCC
1,Scenario 1: Intermediate Depth-of-Cut,10%,0.1,35,30,1;2;3;4;5;6;7;8;9;10;11;12;13;14;15;16;17;18;19;20;21;22;23;24;25;26;27;28;29;30,0.9035189537532423
1,Scenario 1: Intermediate Depth-of-Cut,20%,0.2,70,30,1;2;3;4;5;6;7;8;9;10;11;12;13;14;15;16;17;18;19;20;21;22;23;24;25;26;27;28;29;30,0.9126405904662274
1,Scenario 1: Intermediate Depth-of-Cut,30%,0.3,105,30,1;2;3;4;5;6;7;8;9;10;11;12;13;14;15;16;17;18;19;20;21;22;23;24;25;26;27;28;29;30,0.9161349963512516
1,Scenario 1: Intermediate Depth-of-Cut,40%,0.4,140,30,1;2;3;4;5;6;7;8;9;10;11;12;13;14;15;16;17;18;19;20;21;22;23;24;25;26;27;28;29;30,0.9182754327852813
1,Scenario 1: Intermediate Depth-of-Cut,50%,0.5,175,30,1;2;3;4;5;6;7;8;9;10;11;12;13;14;15;16;17;18;19;20;21;22;23;24;25;26;27;28;29;30,0.9192314865526641
2,Scenario 2: Unseen Speed–Feed,10%,0.1,35,30,1;2;3;4;5;6;7;8;9;10;11;12;13;14;15;16;17;18;19;20;21;22;23;24;25;26;27;28;29;30,0.8472109256803224
2,Scenario 2: Unseen Speed–Feed,20%,0.2,70,30,1;2;3;4;5;6;7;8;9;10;11;12;13;14;15;16;17;18;19;20;21;22;23;24;25;26;27;28;29;30,0.8659060565779406
2,Scenario 2: Unseen Speed–Feed,30%,0.3,105,30,1;2;3;4;5;6;7;8;9;10;11;12;13;14;15;16;17;18;19;20;21;22;23;24;25;26;27;28;29;30,0.8791229219371919
2,Scenario 2: Unseen Speed–Feed,40%,0.4,140,30,1;2;3;4;5;6;7;8;9;10;11;12;13;14;15;16;17;18;19;20;21;22;23;24;25;26;27;28;29;30,0.882554540813975
2,Scenario 2: Unseen Speed–Feed,50%,0.5,175,30,1;2;3;4;5;6;7;8;9;10;11;12;13;14;15;16;17;18;19;20;21;22;23;24;25;26;27;28;29;30,0.8857021230305266
3,Scenario 3: Cross-Geometry,10%,0.1,35,30,1;2;3;4;5;6;7;8;9;10;11;12;13;14;15;16;17;18;19;20;21;22;23;24;25;26;27;28;29;30,0.8798888488382236
3,Scenario 3: Cross-Geometry,20%,0.2,70,30,1;2;3;4;5;6;7;8;9;10;11;12;13;14;15;16;17;18;19;20;21;22;23;24;25;26;27;28;29;30,0.8849559906243664
3,Scenario 3: Cross-Geometry,30%,0.3,105,30,1;2;3;4;5;6;7;8;9;10;11;12;13;14;15;16;17;18;19;20;21;22;23;24;25;26;27;28;29;30,0.8839181827310633
3,Scenario 3: Cross-Geometry,40%,0.4,140,30,1;2;3;4;5;6;7;8;9;10;11;12;13;14;15;16;17;18;19;20;21;22;23;24;25;26;27;28;29;30,0.8852711381222498
3,Scenario 3: Cross-Geometry,50%,0.5,175,30,1;2;3;4;5;6;7;8;9;10;11;12;13;14;15;16;17;18;19;20;21;22;23;24;25;26;27;28;29;30,0.8830383624188113
