method,method_key,budget,K,recording_count,C_normalized_mean,C_normalized_median,C_normalized_std,C_normalized_q25,C_normalized_q75,fragility_F1_normalized_mean,fragility_F1_normalized_median,fragility_F1_normalized_std,fragility_F1_normalized_q25,fragility_F1_normalized_q75,J_common_lambda1_mean,J_common_lambda1_median,J_common_lambda1_std,J_common_lambda1_q25,J_common_lambda1_q75
FARW,farw,0.1,35,160,0.4362216512099916,0.4431394315326632,0.03924369151697983,0.41954130541276646,0.46266328588202454,0.0050337434340012605,0.0049132490351526635,0.000710306152441027,0.004531378553612039,0.0054120432673535005,0.4412553946439929,0.4480526134147944,0.039454934290748124,0.4243932643284779,0.46790737786117764
FARW,farw,0.2,70,160,0.3588743925161869,0.36194130450446843,0.03362815917904489,0.3426705752457837,0.3817697224498012,0.003636263678880196,0.0035094862547893676,0.0006781911505663318,0.003255672520877726,0.0038043513229100144,0.36251065619506717,0.3657164942999594,0.033887444869408916,0.34606737036026225,0.38600323744134984
FARW,farw,0.3,105,160,0.29822129009097104,0.3038849786851944,0.029378401416868438,0.2849209229349061,0.31774622686490706,0.0032175455261058356,0.003016222304478589,0.0007540883533639922,0.0028159395759659554,0.0033594051333181666,0.30143883561707685,0.30681749831241245,0.029628161951420092,0.2875906175873888,0.3209777865193121
FARW,farw,0.4,140,160,0.24338389855052817,0.24672542621928778,0.025221501523252723,0.23086945999136455,0.26051680612116235,0.0029572383526758595,0.0027362461131795876,0.0008022953745074713,0.002544156698734634,0.0030966375582920577,0.24634113690320403,0.24986179835383265,0.025463115436335042,0.23353394033362584,0.26400582730507455
FARW,farw,0.5,175,160,0.19281739490277242,0.19569994255747974,0.020609280755497714,0.18374176193641883,0.2051981504380854,0.0028035812550536625,0.0025937269954354656,0.0008341613440819764,0.002355982236882206,0.0029162316390131827,0.1956209761578261,0.19829435875456286,0.020869005899757414,0.18651088528847212,0.20769029427782604
Medoid,medoid,0.1,35,160,0.4381562024177429,0.44512652093160104,0.04095204552747443,0.41812964831365085,0.4669963474253097,0.009347312877443304,0.008976262990931183,0.002262521178927074,0.007967787581814469,0.010199088031177871,0.44750351529518617,0.4540913483343455,0.04136806354613781,0.42708008920870855,0.47416989682703686
Medoid,medoid,0.2,70,160,0.3598518947229243,0.36399856451600204,0.0353266740682324,0.3435842567956506,0.38365511335336683,0.005384374532988637,0.005108234641779711,0.00108462260089363,0.00468398086776216,0.0058893055271633035,0.3652362692559129,0.369256006857384,0.03553912720603184,0.3498499279160948,0.38839280027665557
Medoid,medoid,0.3,105,160,0.2978176690796216,0.30117063518835135,0.030198110940487518,0.2849514669646853,0.31767319862862287,0.004174067061588863,0.003961403153959179,0.0010236100971436717,0.0035546786637152684,0.004551750888538967,0.30199173614121044,0.3057507895845416,0.03044599130665825,0.28890042526723614,0.32198722900241505
Medoid,medoid,0.4,140,160,0.2450289238929871,0.24793770976339186,0.025345466434878276,0.23353149269486115,0.26130883812136735,0.003682179512515023,0.003413741166209362,0.001013899547466143,0.003036723740170304,0.003893961237219117,0.24871110340550215,0.25239540672886485,0.025545976384880098,0.23670057164115865,0.2649498360451692
Medoid,medoid,0.5,175,160,0.19681623176871546,0.19944011416230348,0.020918459943944354,0.1876134747175301,0.21074391606058412,0.0033036608315192423,0.0030301921506571813,0.0009256346745357987,0.0027534076561321333,0.0035048692586848724,0.20011989260023472,0.20330113018032867,0.021064203729287467,0.19052829438480043,0.21375170413043137
Centroid,centroid,0.1,35,160,0.42306231291848617,0.4310338052812951,0.0394944531295567,0.40614375691555804,0.4512372138236578,0.007945520515833035,0.007533080859668405,0.002295444588915536,0.006683902472504607,0.00852636165152534,0.43100783343431914,0.4394737518489237,0.039914136085131995,0.4133074584067503,0.458859853074416
Centroid,centroid,0.2,70,160,0.3457795987939765,0.35043807273914485,0.03389756384346568,0.3307043641560634,0.3682147927388866,0.0047174336769789105,0.00458119300321501,0.0008050486452279873,0.004116917005337678,0.0051179621666353065,0.3504970324709554,0.3551096527938385,0.0341236868849704,0.3350097070192208,0.3731214406100732
Centroid,centroid,0.3,105,160,0.2861441529669495,0.2901154234665822,0.02892688668477782,0.27259296467539407,0.3056145225359126,0.0038379541047503614,0.0036769476119662293,0.0007913747096445202,0.0033825845591420774,0.004080697567638411,0.28998210707169986,0.2946170525266206,0.029108460045020986,0.27620556342479463,0.3097794485699927
Centroid,centroid,0.4,140,160,0.2340349216838639,0.23689413298580522,0.024273983285191647,0.22272882248735432,0.25024179491878107,0.003456665229480614,0.0032374253577903108,0.0008590861572409827,0.002945208722223519,0.0036849586525311965,0.2374915869133445,0.2400685135797714,0.02446288833832991,0.22670798963609967,0.2538589581019289
Centroid,centroid,0.5,175,160,0.1865625800970845,0.18889420276244206,0.01994204073526061,0.17792443072239167,0.19973324592370637,0.0031904196817065453,0.002967557626361329,0.0008734253576713036,0.0027202433543789912,0.003421238238818269,0.18975299977879106,0.1923681897590237,0.020125678579814062,0.18056343799088787,0.20328031923152123
Renyi,renyi,0.1,35,160,0.42319431354834797,0.42999093908044983,0.0392773755734732,0.4051636228352956,0.45060988706624006,0.009602021039860055,0.007920512375836061,0.004686123525553585,0.00710139381861964,0.01061441661993536,0.4327963345882079,0.43969882671137295,0.03954894597140055,0.4144541681839138,0.45820770972197633
Renyi,renyi,0.2,70,160,0.34851473338959005,0.3546582482017667,0.03453972018684496,0.33308192029576944,0.37078041826549646,0.006413788712244388,0.005428591373184179,0.004054209199055407,0.0043976510991996995,0.006624350333837677,0.3549285221018344,0.36178075360047457,0.035045360669122116,0.3382370600315282,0.37669750305666394
Renyi,renyi,0.3,105,160,0.2914110620076371,0.2956709531887971,0.030024331438386516,0.2786773201420913,0.3099926869143048,0.005466823928684978,0.004294669205154374,0.003708399922382512,0.00360153445623371,0.005467077185492282,0.2968778859363221,0.30296758382463573,0.03076016883964845,0.28252814841660767,0.3157922867955128
Renyi,renyi,0.4,140,160,0.2410160876172221,0.24571779489393777,0.025481069986888306,0.22959267406128736,0.2579465316959196,0.004553636141346247,0.0037468364278279214,0.0025112396570022917,0.003088203558089532,0.004885137205428704,0.24556972375856828,0.2500956177524194,0.026144183378340725,0.23308207978557535,0.2632321383267166
Renyi,renyi,0.5,175,160,0.1947548232548748,0.1983651908079759,0.021201578541920802,0.18552867949743845,0.2082766455922188,0.003845677227200462,0.0033368210568303297,0.0016240331236159358,0.0028211025759707275,0.004304286674795324,0.19860050048207528,0.20246522248382615,0.02163912786748556,0.1886367570249086,0.21255399256443674
